{
  "file": "Chicago-Dental-Solutions_Form.modento.json",
  "total_items": 43,
  "reused_from_dictionary": 0,
  "reused_pct": 0.0,
  "counts_by_section": {
    "Patient Information": 19,
    "Insurance": 16,
    "Consent": 1,
    "General": 6,
    "Signature": 1
  },
  "counts_by_type": {
    "input": 21,
    "date": 3,
    "states": 3,
    "dropdown": 6,
    "radio": 8,
    "terms": 1,
    "signature": 1
  },
  "matches": [],
  "near_misses": [],
  "gates": [
    "unique_title -> 'State' → 'State #3' (suffix)",
    "unique_title -> 'Relationship to Insurance holder' → 'Relationship to Insurance holder #2' (suffix)"
  ],
  "extraction": {
    "source_file": "Chicago-Dental-Solutions_Form.txt",
    "file_size_bytes": 5284,
    "character_count": 5280,
    "line_count": 175
  },
  "parsing": {
    "raw_questions_parsed": 52,
    "sections_detected": 5,
    "unique_sections": [
      "Consent",
      "General",
      "Insurance",
      "Patient Information",
      "Signature"
    ]
  },
  "unmatched_fields": [
    {
      "key": "last_name",
      "title": "Last Name",
      "section": "Patient Information",
      "type": "input"
    },
    {
      "key": "birth_date",
      "title": "Birth Date",
      "section": "Patient Information",
      "type": "date"
    },
    {
      "key": "apt",
      "title": "Apt#",
      "section": "Patient Information",
      "type": "input"
    },
    {
      "key": "city",
      "title": "City",
      "section": "Patient Information",
      "type": "input"
    },
    {
      "key": "state",
      "title": "State",
      "section": "Patient Information",
      "type": "states"
    },
    {
      "key": "zip",
      "title": "Zip",
      "section": "Patient Information",
      "type": "dropdown"
    },
    {
      "key": "ext",
      "title": "Ext#",
      "section": "Patient Information",
      "type": "input"
    },
    {
      "key": "marital_status",
      "title": "Marital Status",
      "section": "Patient Information",
      "type": "radio"
    },
    {
      "key": "first_name",
      "title": "First Name",
      "section": "Patient Information",
      "type": "input"
    },
    {
      "key": "preferred_name",
      "title": "Preferred Name",
      "section": "Patient Information",
      "type": "input"
    },
    {
      "key": "address",
      "title": "Address",
      "section": "Patient Information",
      "type": "input"
    },
    {
      "key": "mobile_phone",
      "title": "Mobile Phone",
      "section": "Patient Information",
      "type": "input"
    },
    {
      "key": "phone",
      "title": "Phone",
      "section": "Patient Information",
      "type": "input"
    },
    {
      "key": "work_phone",
      "title": "Work Phone",
      "section": "Patient Information",
      "type": "input"
    },
    {
      "key": "gender",
      "title": "Gender",
      "section": "Patient Information",
      "type": "radio"
    },
    {
      "key": "email",
      "title": "Email",
      "section": "Patient Information",
      "type": "input"
    },
    {
      "key": "emergency_contact",
      "title": "Emergency Contact",
      "section": "Patient Information",
      "type": "input"
    },
    {
      "key": "consent_email_alerts",
      "title": "Consent to Email alerts",
      "section": "Patient Information",
      "type": "radio"
    },
    {
      "key": "previous_dentist_andor_dental_office",
      "title": "Previous Dentist and/or Dental Office",
      "section": "Patient Information",
      "type": "dropdown"
    },
    {
      "key": "o_d_ental_insurance",
      "title": "N, o D ental Insurance",
      "section": "Insurance",
      "type": "radio"
    },
    {
      "key": "prim_ary_insurance_policy_h_older",
      "title": "Primary Insurance (Policy Holder)",
      "section": "Insurance",
      "type": "dropdown"
    },
    {
      "key": "name_of_insurance_company",
      "title": "Name of Insurance Company",
      "section": "Insurance",
      "type": "input"
    },
    {
      "key": "state_2",
      "title": "State",
      "section": "Insurance",
      "type": "states"
    },
    {
      "key": "policy_holder_name",
      "title": "Policy Holder Name",
      "section": "Insurance",
      "type": "input"
    },
    {
      "key": "birth_date_2",
      "title": "Birth Date#",
      "section": "Insurance",
      "type": "date"
    },
    {
      "key": "id_number",
      "title": "ID Number",
      "section": "Insurance",
      "type": "input"
    },
    {
      "key": "ssn",
      "title": "SSN",
      "section": "Insurance",
      "type": "input"
    },
    {
      "key": "group_number",
      "title": "Group Number",
      "section": "Insurance",
      "type": "input"
    },
    {
      "key": "name_of_employer",
      "title": "Name of Employer",
      "section": "Insurance",
      "type": "input"
    },
    {
      "key": "relationship_to_insurance_holder",
      "title": "Relationship to Insurance holder",
      "section": "Insurance",
      "type": "radio"
    },
    {
      "key": "responsible_party_som_eone_other_than_self_is_the_insurance_poli",
      "title": "Responsible Party (someone other than self is the Insurance Policy Holder)",
      "section": "Insurance",
      "type": "dropdown"
    },
    {
      "key": "state_3",
      "title": "State #3",
      "section": "Insurance",
      "type": "states"
    },
    {
      "key": "birth_date_3",
      "title": "Birth Date",
      "section": "Insurance",
      "type": "date"
    },
    {
      "key": "relationship_to_insurance_holder_2",
      "title": "Relationship to Insurance holder #2",
      "section": "Insurance",
      "type": "radio"
    },
    {
      "key": "how_did_you_hear_about_us",
      "title": "How did you hear about us ?",
      "section": "Insurance",
      "type": "dropdown"
    },
    {
      "key": "medicalhistory_medication_that_you_may_be_taking_could_have_an_i",
      "title": "Terms",
      "section": "Consent",
      "type": "terms"
    },
    {
      "key": "local_anesthesia_sulfa_drugs_other",
      "title": "Local Anesthesia Sulfa Drugs Other:_____________________________________________",
      "section": "General",
      "type": "dropdown"
    },
    {
      "key": "do_you_have_or_have_you_had_any_of_the_following",
      "title": "Do you have, or have you had, any of the following?",
      "section": "General",
      "type": "input"
    },
    {
      "key": "have_you_had_any_serious_illness_not_listed_above",
      "title": "Have you had any serious illness not listed above?",
      "section": "General",
      "type": "radio"
    },
    {
      "key": "signature",
      "title": "Signature",
      "section": "Signature",
      "type": "signature"
    },
    {
      "key": "yes_no",
      "title": "Yes No",
      "section": "General",
      "type": "radio"
    },
    {
      "key": "aidshiv_positive",
      "title": "!AIDS/HIV Positive",
      "section": "General",
      "type": "input"
    },
    {
      "key": "alzheimers_disease",
      "title": "!Alzheimer’s Disease",
      "section": "General",
      "type": "input"
    }
  ],
  "dictionary_suggestions": {
    "count": 43,
    "message": "Consider adding these fields to dental_form_dictionary.json for better matching"
  }
}