[
  {
    "key": "last_name",
    "title": "Last Name",
    "section": "Patient Information",
    "optional": false,
    "type": "input",
    "control": {
      "input_type": "text"
    }
  },
  {
    "key": "birth_date",
    "title": "Birth Date",
    "section": "Patient Information",
    "optional": false,
    "type": "date",
    "control": {
      "input_type": "past"
    }
  },
  {
    "key": "apt",
    "title": "Apt#",
    "section": "Patient Information",
    "optional": false,
    "type": "input",
    "control": {
      "input_type": "text"
    }
  },
  {
    "key": "city",
    "title": "City",
    "section": "Patient Information",
    "optional": false,
    "type": "input",
    "control": {
      "input_type": "text"
    }
  },
  {
    "key": "state",
    "title": "State",
    "section": "Patient Information",
    "optional": false,
    "type": "states",
    "control": {}
  },
  {
    "key": "zip",
    "title": "Zip",
    "section": "Patient Information",
    "optional": false,
    "type": "dropdown",
    "control": {
      "options": [
        {
          "name": "Yes, send me Text Message alerts",
          "value": "yes_send_me_text_message_alerts"
        }
      ],
      "multi": true
    }
  },
  {
    "key": "ext",
    "title": "Ext#",
    "section": "Patient Information",
    "optional": false,
    "type": "input",
    "control": {
      "input_type": "text"
    }
  },
  {
    "key": "marital_status",
    "title": "Marital Status",
    "section": "Patient Information",
    "optional": false,
    "type": "radio",
    "control": {
      "options": [
        {
          "name": "Married",
          "value": "married"
        },
        {
          "name": "Single",
          "value": "single"
        },
        {
          "name": "Other",
          "value": "other"
        }
      ]
    }
  },
  {
    "key": "first_name",
    "title": "First Name",
    "section": "Patient Information",
    "optional": false,
    "type": "input",
    "control": {
      "input_type": "text"
    }
  },
  {
    "key": "preferred_name",
    "title": "Preferred Name",
    "section": "Patient Information",
    "optional": false,
    "type": "input",
    "control": {
      "input_type": "text"
    }
  },
  {
    "key": "address",
    "title": "Address",
    "section": "Patient Information",
    "optional": false,
    "type": "input",
    "control": {
      "input_type": "text"
    }
  },
  {
    "key": "mobile_phone",
    "title": "Mobile Phone",
    "section": "Patient Information",
    "optional": false,
    "type": "input",
    "control": {
      "input_type": "phone"
    }
  },
  {
    "key": "phone",
    "title": "Phone",
    "section": "Patient Information",
    "optional": false,
    "type": "input",
    "control": {
      "input_type": "phone"
    }
  },
  {
    "key": "work_phone",
    "title": "Work Phone",
    "section": "Patient Information",
    "optional": false,
    "type": "input",
    "control": {
      "input_type": "phone"
    }
  },
  {
    "key": "gender",
    "title": "Gender",
    "section": "Patient Information",
    "optional": false,
    "type": "radio",
    "control": {
      "options": [
        {
          "name": "Male",
          "value": "male"
        },
        {
          "name": "Female",
          "value": "female"
        }
      ]
    }
  },
  {
    "key": "email",
    "title": "Email",
    "section": "Patient Information",
    "optional": false,
    "type": "input",
    "control": {
      "input_type": "email"
    }
  },
  {
    "key": "emergency_contact",
    "title": "Emergency Contact",
    "section": "Patient Information",
    "optional": false,
    "type": "input",
    "control": {
      "input_type": "text"
    }
  },
  {
    "key": "consent_email_alerts",
    "title": "Consent to Email alerts",
    "section": "Patient Information",
    "optional": false,
    "type": "radio",
    "control": {
      "options": [
        {
          "name": "Yes",
          "value": true
        },
        {
          "name": "No",
          "value": false
        }
      ]
    }
  },
  {
    "key": "previous_dentist_andor_dental_office",
    "title": "Previous Dentist and/or Dental Office",
    "section": "Patient Information",
    "optional": false,
    "type": "dropdown",
    "control": {
      "options": [
        {
          "name": "I live/work in area",
          "value": "i_livework_in_area"
        },
        {
          "name": "Google",
          "value": "google"
        },
        {
          "name": "I was Referred by",
          "value": "i_was_referred_by"
        },
        {
          "name": "Other",
          "value": "other"
        }
      ],
      "multi": true
    }
  },
  {
    "key": "o_d_ental_insurance",
    "title": "N, o D ental Insurance",
    "section": "Insurance",
    "optional": false,
    "type": "radio",
    "control": {
      "options": [
        {
          "name": "Yes",
          "value": true
        },
        {
          "name": "No",
          "value": false
        }
      ]
    }
  },
  {
    "key": "prim_ary_insurance_policy_h_older",
    "title": "Primary Insurance (Policy Holder)",
    "section": "Insurance",
    "optional": false,
    "type": "dropdown",
    "control": {
      "options": [
        {
          "name": "Prim ary Insurance (Policy H older)",
          "value": "prim_ary_insurance_policy_h_older"
        }
      ],
      "multi": true
    }
  },
  {
    "key": "name_of_insurance_company",
    "title": "Name of Insurance Company",
    "section": "Insurance",
    "optional": false,
    "type": "input",
    "control": {
      "input_type": "text"
    }
  },
  {
    "key": "state_2",
    "title": "State",
    "section": "Insurance",
    "optional": false,
    "type": "states",
    "control": {}
  },
  {
    "key": "policy_holder_name",
    "title": "Policy Holder Name",
    "section": "Insurance",
    "optional": false,
    "type": "input",
    "control": {
      "input_type": "text"
    }
  },
  {
    "key": "birth_date_2",
    "title": "Birth Date#",
    "section": "Insurance",
    "optional": false,
    "type": "date",
    "control": {
      "input_type": "past"
    }
  },
  {
    "key": "id_number",
    "title": "ID Number",
    "section": "Insurance",
    "optional": false,
    "type": "input",
    "control": {
      "input_type": "text"
    }
  },
  {
    "key": "ssn",
    "title": "SSN",
    "section": "Insurance",
    "optional": false,
    "type": "input",
    "control": {
      "input_type": "ssn"
    }
  },
  {
    "key": "group_number",
    "title": "Group Number",
    "section": "Insurance",
    "optional": false,
    "type": "input",
    "control": {
      "input_type": "text"
    }
  },
  {
    "key": "name_of_employer",
    "title": "Name of Employer",
    "section": "Insurance",
    "optional": false,
    "type": "input",
    "control": {
      "input_type": "text"
    }
  },
  {
    "key": "relationship_to_insurance_holder",
    "title": "Relationship to Insurance holder",
    "section": "Insurance",
    "optional": false,
    "type": "radio",
    "control": {
      "options": [
        {
          "name": "Self",
          "value": "self"
        },
        {
          "name": "Parent",
          "value": "parent"
        },
        {
          "name": "Child",
          "value": "child"
        },
        {
          "name": "Spouse",
          "value": "spouse"
        },
        {
          "name": "Other",
          "value": "other"
        }
      ]
    }
  },
  {
    "key": "responsible_party_som_eone_other_than_self_is_the_insurance_poli",
    "title": "Responsible Party (someone other than self is the Insurance Policy Holder)",
    "section": "Insurance",
    "optional": false,
    "type": "dropdown",
    "control": {
      "options": [
        {
          "name": "Responsible Party (som eone other than self is the Insurance Policy H older)",
          "value": "responsible_party_som_eone_other_than_self_is_the_insurance_policy_h_older"
        }
      ],
      "multi": true
    }
  },
  {
    "key": "state_3",
    "title": "State #3",
    "section": "Insurance",
    "optional": false,
    "type": "states",
    "control": {}
  },
  {
    "key": "birth_date_3",
    "title": "Birth Date",
    "section": "Insurance",
    "optional": false,
    "type": "date",
    "control": {
      "input_type": "past"
    }
  },
  {
    "key": "relationship_to_insurance_holder_2",
    "title": "Relationship to Insurance holder #2",
    "section": "Insurance",
    "optional": false,
    "type": "radio",
    "control": {
      "options": [
        {
          "name": "Self",
          "value": "self"
        },
        {
          "name": "Parent",
          "value": "parent"
        },
        {
          "name": "Child",
          "value": "child"
        },
        {
          "name": "Spouse",
          "value": "spouse"
        },
        {
          "name": "Other",
          "value": "other"
        }
      ]
    }
  },
  {
    "key": "how_did_you_hear_about_us",
    "title": "How did you hear about us ?",
    "section": "Insurance",
    "optional": false,
    "type": "dropdown",
    "control": {
      "options": [
        {
          "name": "How did you hear about us ?",
          "value": "how_did_you_hear_about_us"
        }
      ],
      "multi": true,
      "extra": {
        "type": "Input",
        "hint": "Other (please specify)"
      }
    }
  },
  {
    "key": "medicalhistory_medication_that_you_may_be_taking_could_have_an_i",
    "title": "Terms",
    "section": "Consent",
    "optional": false,
    "type": "terms",
    "control": {
      "agree_text": "I have read and agree to the terms.",
      "html_text": "MEDICALHISTORY medication that you may be taking, could have an important interrelationship with the dentistry you will receive. Thank you for answering the following questions. Are you under a physician’s care now? [ ] Yes [ ] No ______________________ Have you ever been hospitalized/ had major surgery? [ ] Yes [ ] No ______________________ Have you ever had a serious head/ neck injury? [ ] Yes [ ] No ______________________ Are you taking any medications, pills or drugs? [ ] Yes [ ] No ______________________ Do you take, or have you taken, Phen-Fen or Redux? [ ] Yes [ ] No ___________________________________ Have you ever taken Fosamax, Boniva, Actonel/ other medications containing bisphosphonates? Are you on a special diet? [ ] Yes [ ] No Do you use tobacco? [ ] Yes [ ] No Do you use controlled substances? [ ] Yes [ ] No Women are you : [ ] Pregnant [ ] Trying to get pregnant [ ] Nursing [ ] Taking oral contraceptives Are you allergic to any of the following? [ ] Aspirin [ ] Penicillin [ ] Codeine [ ] Acrylic [ ] Metal [ ] Latex"
    }
  },
  {
    "key": "local_anesthesia_sulfa_drugs_other",
    "title": "Local Anesthesia Sulfa Drugs Other:_____________________________________________",
    "section": "General",
    "optional": false,
    "type": "dropdown",
    "control": {
      "options": [
        {
          "name": "Local Anesthesia",
          "value": "local_anesthesia"
        },
        {
          "name": "Sulfa Drugs",
          "value": "sulfa_drugs"
        },
        {
          "name": "Other:_____________________________________________",
          "value": "other"
        }
      ],
      "multi": true
    }
  },
  {
    "key": "do_you_have_or_have_you_had_any_of_the_following",
    "title": "Do you have, or have you had, any of the following?",
    "section": "General",
    "optional": false,
    "type": "input",
    "control": {
      "input_type": "text"
    }
  },
  {
    "key": "have_you_had_any_serious_illness_not_listed_above",
    "title": "Have you had any serious illness not listed above?",
    "section": "General",
    "optional": false,
    "type": "radio",
    "control": {
      "options": [
        {
          "name": "Yes",
          "value": true
        },
        {
          "name": "No",
          "value": false
        }
      ]
    }
  },
  {
    "key": "signature",
    "title": "Signature",
    "section": "Signature",
    "optional": false,
    "type": "signature",
    "control": {}
  },
  {
    "key": "yes_no",
    "title": "Yes No",
    "section": "General",
    "optional": false,
    "type": "radio",
    "control": {
      "options": [
        {
          "name": "Yes",
          "value": true
        },
        {
          "name": "No",
          "value": false
        }
      ]
    }
  },
  {
    "key": "aidshiv_positive",
    "title": "!AIDS/HIV Positive",
    "section": "General",
    "optional": false,
    "type": "input",
    "control": {
      "input_type": "text"
    }
  },
  {
    "key": "alzheimers_disease",
    "title": "!Alzheimer’s Disease",
    "section": "General",
    "optional": false,
    "type": "input",
    "control": {
      "input_type": "text"
    }
  }
]