{
  "file": "npf.modento.json",
  "total_items": 30,
  "reused_from_dictionary": 0,
  "reused_pct": 0.0,
  "counts_by_section": {
    "Patient Information": 16,
    "General": 8,
    "Insurance": 3,
    "Dental History": 2,
    "Signature": 1
  },
  "counts_by_type": {
    "input": 23,
    "date": 2,
    "dropdown": 1,
    "radio": 3,
    "signature": 1
  },
  "matches": [],
  "near_misses": [],
  "gates": [
    "rehome -> Patient Information :: Phone (Mobile)",
    "rehome -> Patient Information :: Phone (Home)",
    "rehome -> Patient Information :: Phone (Work)",
    "rehome -> Patient Information :: Driver's License #",
    "rehome -> Patient Information :: Mobile Phone",
    "rehome -> Patient Information :: Phone",
    "rehome -> Patient Information :: Home Phone",
    "rehome -> Patient Information :: Work Phone",
    "rehome -> Patient Information :: Email",
    "rehome -> Patient Information :: Date of Birth____________ Relationship to Patient Self Spouse Parent Other____________________ If patient is a Minor, primary residence Both Parents Mom Dad Step Parent Shared Custody Guardian",
    "rehome -> Patient Information :: Address: (if different from patient) Street______________________ City______________ State___ Zip_______",
    "rehome -> Patient Information :: Employer",
    "rehome -> Patient Information :: Address: Street_____________________________ City_________________________ State____ Zip________",
    "rehome -> Insurance :: Name of Insured____________________________Birthdate____________SSN________-____-__________",
    "unique_title -> 'Name of Insured____________________________Birthdate____________SSN________-____-__________' → 'Name of Insured____________________________Birthdate____________SSN________-____-__________ #2' (suffix)"
  ],
  "extraction": {
    "source_file": "npf.txt",
    "file_size_bytes": 7548,
    "character_count": 7462,
    "line_count": 86
  },
  "parsing": {
    "raw_questions_parsed": 36,
    "sections_detected": 5,
    "unique_sections": [
      "Dental History",
      "General",
      "Insurance",
      "Patient Information",
      "Signature"
    ]
  },
  "unmatched_fields": [
    {
      "key": "todays_date",
      "title": "Today’s Date________________",
      "section": "Patient Information",
      "type": "input"
    },
    {
      "key": "patient_name_first_mi_last_nickname",
      "title": "Patient Name: First__________________ MI_____ Last_______________________ Nickname_____________",
      "section": "Patient Information",
      "type": "input"
    },
    {
      "key": "address_street_aptunitsuite",
      "title": "Address: Street_________________________________________________________ Apt/Unit/Suite________",
      "section": "Patient Information",
      "type": "input"
    },
    {
      "key": "phone_mobile",
      "title": "Phone (Mobile)",
      "section": "Patient Information",
      "type": "input"
    },
    {
      "key": "phone_home",
      "title": "Phone (Home)",
      "section": "Patient Information",
      "type": "input"
    },
    {
      "key": "phone_work",
      "title": "Phone (Work)",
      "section": "Patient Information",
      "type": "input"
    },
    {
      "key": "drivers_license",
      "title": "Driver's License #",
      "section": "Patient Information",
      "type": "input"
    },
    {
      "key": "mobile_phone",
      "title": "Mobile Phone",
      "section": "Patient Information",
      "type": "input"
    },
    {
      "key": "phone",
      "title": "Phone",
      "section": "Patient Information",
      "type": "input"
    },
    {
      "key": "home_phone",
      "title": "Home Phone",
      "section": "Patient Information",
      "type": "input"
    },
    {
      "key": "work_phone",
      "title": "Work Phone",
      "section": "Patient Information",
      "type": "input"
    },
    {
      "key": "email",
      "title": "Email",
      "section": "Patient Information",
      "type": "input"
    },
    {
      "key": "social_security_no_-_-_date_of_birth",
      "title": "Social Security No._______ - ____ - _________ Date of Birth_____/______/________",
      "section": "General",
      "type": "date"
    },
    {
      "key": "work_address_street_city_state_zip",
      "title": "Work Address: Street__________________________ City_____________________ State_____ Zip_________",
      "section": "General",
      "type": "dropdown"
    },
    {
      "key": "marital_status",
      "title": "Marital Status",
      "section": "General",
      "type": "radio"
    },
    {
      "key": "in_case_of_emergency_who_should_be_notified",
      "title": "In case of emergency, who should be notified? __________________________________________________",
      "section": "General",
      "type": "input"
    },
    {
      "key": "relationship_to_patient_mobile_phone_home_phone",
      "title": "Relationship to Patient_________________ Mobile Phone________________ Home Phone______________",
      "section": "General",
      "type": "input"
    },
    {
      "key": "is_the_patient_a_minor",
      "title": "Is the patient a Minor?",
      "section": "General",
      "type": "radio"
    },
    {
      "key": "full-time_student",
      "title": "Full-time Student",
      "section": "General",
      "type": "radio"
    },
    {
      "key": "name_of_school",
      "title": "Name of School",
      "section": "General",
      "type": "input"
    },
    {
      "key": "date_of_birth_relationship_to_patient_self_spouse_parent_other_i",
      "title": "Date of Birth____________ Relationship to Patient Self Spouse Parent Other____________________ If patient is a Minor, primary residence Both Parents Mom Dad Step Parent Shared Custody Guardian",
      "section": "Patient Information",
      "type": "date"
    },
    {
      "key": "address_if_different_from_patient_street_city_state_zip",
      "title": "Address: (if different from patient) Street______________________ City______________ State___ Zip_______",
      "section": "Patient Information",
      "type": "input"
    },
    {
      "key": "employer",
      "title": "Employer",
      "section": "Patient Information",
      "type": "input"
    },
    {
      "key": "address_street_city_state_zip",
      "title": "Address: Street_____________________________ City_________________________ State____ Zip________",
      "section": "Patient Information",
      "type": "input"
    },
    {
      "key": "name_of_insured_birthdate_ssn_-_-",
      "title": "Name of Insured____________________________Birthdate____________SSN________-____-__________",
      "section": "Insurance",
      "type": "input"
    },
    {
      "key": "address_street_city_state_zip_2",
      "title": "Address: Street_____________________________ City_________________________ State____ Zip________",
      "section": "Insurance",
      "type": "input"
    },
    {
      "key": "id_number",
      "title": "ID Number",
      "section": "Dental History",
      "type": "input"
    },
    {
      "key": "relationship",
      "title": "Relationship",
      "section": "Dental History",
      "type": "input"
    },
    {
      "key": "name_of_insured_birthdate_ssn_-_-_2",
      "title": "Name of Insured____________________________Birthdate____________SSN________-____-__________ #2",
      "section": "Insurance",
      "type": "input"
    },
    {
      "key": "signature",
      "title": "Signature",
      "section": "Signature",
      "type": "signature"
    }
  ],
  "dictionary_suggestions": {
    "count": 30,
    "message": "Consider adding these fields to dental_form_dictionary.json for better matching"
  }
}