[
  {
    "key": "todays_date",
    "title": "Today’s Date________________",
    "section": "Patient Information",
    "optional": false,
    "type": "input",
    "control": {
      "input_type": "text"
    }
  },
  {
    "key": "patient_name_first_mi_last_nickname",
    "title": "Patient Name: First__________________ MI_____ Last_______________________ Nickname_____________",
    "section": "Patient Information",
    "optional": false,
    "type": "input",
    "control": {
      "input_type": "text"
    }
  },
  {
    "key": "address_street_aptunitsuite",
    "title": "Address: Street_________________________________________________________ Apt/Unit/Suite________",
    "section": "Patient Information",
    "optional": false,
    "type": "input",
    "control": {
      "input_type": "text"
    }
  },
  {
    "key": "phone_mobile",
    "title": "Phone (Mobile)",
    "section": "Patient Information",
    "optional": false,
    "type": "input",
    "control": {
      "input_type": "phone"
    }
  },
  {
    "key": "phone_home",
    "title": "Phone (Home)",
    "section": "Patient Information",
    "optional": false,
    "type": "input",
    "control": {
      "input_type": "phone"
    }
  },
  {
    "key": "phone_work",
    "title": "Phone (Work)",
    "section": "Patient Information",
    "optional": false,
    "type": "input",
    "control": {
      "input_type": "phone"
    }
  },
  {
    "key": "drivers_license",
    "title": "Driver's License #",
    "section": "Patient Information",
    "optional": false,
    "type": "input",
    "control": {
      "input_type": "text"
    }
  },
  {
    "key": "mobile_phone",
    "title": "Mobile Phone",
    "section": "Patient Information",
    "optional": false,
    "type": "input",
    "control": {
      "input_type": "phone"
    }
  },
  {
    "key": "phone",
    "title": "Phone",
    "section": "Patient Information",
    "optional": false,
    "type": "input",
    "control": {
      "input_type": "phone"
    }
  },
  {
    "key": "home_phone",
    "title": "Home Phone",
    "section": "Patient Information",
    "optional": false,
    "type": "input",
    "control": {
      "input_type": "phone"
    }
  },
  {
    "key": "work_phone",
    "title": "Work Phone",
    "section": "Patient Information",
    "optional": false,
    "type": "input",
    "control": {
      "input_type": "phone"
    }
  },
  {
    "key": "email",
    "title": "Email",
    "section": "Patient Information",
    "optional": false,
    "type": "input",
    "control": {
      "input_type": "email"
    }
  },
  {
    "key": "social_security_no_-_-_date_of_birth",
    "title": "Social Security No._______ - ____ - _________ Date of Birth_____/______/________",
    "section": "General",
    "optional": false,
    "type": "date",
    "control": {
      "input_type": "past"
    }
  },
  {
    "key": "work_address_street_city_state_zip",
    "title": "Work Address: Street__________________________ City_____________________ State_____ Zip_________",
    "section": "General",
    "optional": false,
    "type": "dropdown",
    "control": {
      "options": [
        {
          "name": "Male",
          "value": "male"
        },
        {
          "name": "Female",
          "value": "female"
        }
      ],
      "multi": true
    }
  },
  {
    "key": "marital_status",
    "title": "Marital Status",
    "section": "General",
    "optional": false,
    "type": "radio",
    "control": {
      "options": [
        {
          "name": "Married",
          "value": "married"
        },
        {
          "name": "Single",
          "value": "single"
        },
        {
          "name": "Divorced",
          "value": "divorced"
        },
        {
          "name": "Separated",
          "value": "separated"
        },
        {
          "name": "Widowed",
          "value": "widowed"
        }
      ]
    }
  },
  {
    "key": "in_case_of_emergency_who_should_be_notified",
    "title": "In case of emergency, who should be notified? __________________________________________________",
    "section": "General",
    "optional": false,
    "type": "input",
    "control": {
      "input_type": "text"
    }
  },
  {
    "key": "relationship_to_patient_mobile_phone_home_phone",
    "title": "Relationship to Patient_________________ Mobile Phone________________ Home Phone______________",
    "section": "General",
    "optional": false,
    "type": "input",
    "control": {
      "input_type": "phone"
    }
  },
  {
    "key": "is_the_patient_a_minor",
    "title": "Is the patient a Minor?",
    "section": "General",
    "optional": false,
    "type": "radio",
    "control": {
      "options": [
        {
          "name": "Yes",
          "value": true
        },
        {
          "name": "No",
          "value": false
        }
      ]
    }
  },
  {
    "key": "full-time_student",
    "title": "Full-time Student",
    "section": "General",
    "optional": false,
    "type": "radio",
    "control": {
      "options": [
        {
          "name": "Yes",
          "value": true
        },
        {
          "name": "No",
          "value": false
        }
      ]
    }
  },
  {
    "key": "name_of_school",
    "title": "Name of School",
    "section": "General",
    "optional": false,
    "type": "input",
    "control": {
      "input_type": "text"
    }
  },
  {
    "key": "date_of_birth_relationship_to_patient_self_spouse_parent_other_i",
    "title": "Date of Birth____________ Relationship to Patient Self Spouse Parent Other____________________ If patient is a Minor, primary residence Both Parents Mom Dad Step Parent Shared Custody Guardian",
    "section": "Patient Information",
    "optional": false,
    "type": "date",
    "control": {
      "input_type": "past"
    }
  },
  {
    "key": "address_if_different_from_patient_street_city_state_zip",
    "title": "Address: (if different from patient) Street______________________ City______________ State___ Zip_______",
    "section": "Patient Information",
    "optional": false,
    "type": "input",
    "control": {
      "input_type": "text"
    }
  },
  {
    "key": "employer",
    "title": "Employer",
    "section": "Patient Information",
    "optional": false,
    "type": "input",
    "control": {
      "input_type": "text"
    }
  },
  {
    "key": "address_street_city_state_zip",
    "title": "Address: Street_____________________________ City_________________________ State____ Zip________",
    "section": "Patient Information",
    "optional": false,
    "type": "input",
    "control": {
      "input_type": "text"
    }
  },
  {
    "key": "name_of_insured_birthdate_ssn_-_-",
    "title": "Name of Insured____________________________Birthdate____________SSN________-____-__________",
    "section": "Insurance",
    "optional": false,
    "type": "input",
    "control": {
      "input_type": "text"
    }
  },
  {
    "key": "address_street_city_state_zip_2",
    "title": "Address: Street_____________________________ City_________________________ State____ Zip________",
    "section": "Insurance",
    "optional": false,
    "type": "input",
    "control": {
      "input_type": "text"
    }
  },
  {
    "key": "id_number",
    "title": "ID Number",
    "section": "Dental History",
    "optional": false,
    "type": "input",
    "control": {
      "input_type": "text"
    }
  },
  {
    "key": "relationship",
    "title": "Relationship",
    "section": "Dental History",
    "optional": false,
    "type": "input",
    "control": {
      "input_type": "text"
    }
  },
  {
    "key": "name_of_insured_birthdate_ssn_-_-_2",
    "title": "Name of Insured____________________________Birthdate____________SSN________-____-__________ #2",
    "section": "Insurance",
    "optional": false,
    "type": "input",
    "control": {
      "input_type": "text"
    }
  },
  {
    "key": "signature",
    "title": "Signature",
    "section": "Signature",
    "optional": false,
    "type": "signature",
    "control": {}
  }
]