{
  "file": "npf1.modento.json",
  "total_items": 135,
  "reused_from_dictionary": 0,
  "reused_pct": 0.0,
  "counts_by_section": {
    "Patient Information": 9,
    "Consent": 2,
    "General": 100,
    "Insurance": 10,
    "Dental History": 4,
    "Signature": 2,
    "Medical History": 8
  },
  "counts_by_type": {
    "date": 2,
    "input": 39,
    "radio": 1,
    "terms": 2,
    "dropdown": 90,
    "signature": 1
  },
  "matches": [],
  "near_misses": [],
  "gates": [
    "rehome -> Patient Information :: Mitral Valve Prolapse",
    "rehome -> Patient Information :: Misshaped teeth",
    "section_inference -> Dental History :: What is the most important thing to you about your future smile and dental health? _____________________________________________ (score=2)",
    "section_inference -> Medical History :: Have you had a serious illness, operation, or hospitalization in the past 5 years? Y or N, If yes please explain __________________________ (score=3)",
    "section_inference -> Medical History :: Are you taking or have you recently taken any prescription or over the counter medicine(s)? Y or N If yes, please list all and why, including vitamins, natural or herbal supplements and/or dietary supplements _________________________________________________________ (score=2)",
    "section_inference -> Medical History :: Have you ever in the past, or are you now currently taking any medications for Osteopenia/Osteoporosis or Bone Disease? (score=2)",
    "section_inference -> Dental History :: Jaw Joint (TMJ) pain (score=2)",
    "section_inference -> Dental History :: Jaw Joint (TMJ) clicking/popping (score=2)",
    "section_inference -> Dental History :: Bleeding, Swollen, Irritated gums (score=2)",
    "duplicate_consolidation -> Removed date_of_birth_2 from Insurance, kept date_of_birth in Patient Information",
    "duplicate_consolidation -> Removed date_of_birth_3 from Insurance, kept date_of_birth in Patient Information",
    "overflow_title_cleaned -> 'For completion by dentist only | Additional Comments' → 'For completion by dentist only | Additional'",
    "overflow_title_cleaned -> 'Heart Conditions' → 'Heart'",
    "overflow_title_cleaned -> 'Sleep Pattern or Conditions' → 'Sleep Pattern or'",
    "unique_title -> 'Terms' → 'Terms (2)' (numeric)",
    "unique_title -> 'Have you had a serious illness, operation, or hospitalization in the past 5 years? Y or N, If yes please explain __________________________' → 'Are you under the care - Please explain' (context)",
    "unique_title -> 'Worn teeth' → 'Worn teeth #2' (suffix)"
  ],
  "extraction": {
    "source_file": "npf1.txt",
    "file_size_bytes": 10242,
    "character_count": 10102,
    "line_count": 284
  },
  "parsing": {
    "raw_questions_parsed": 143,
    "sections_detected": 6,
    "unique_sections": [
      "Consent",
      "General",
      "Insurance",
      "Medical History",
      "Patient Information",
      "Signature"
    ]
  },
  "unmatched_fields": [
    {
      "key": "todays_date",
      "title": "Today’s Date ______________",
      "section": "Patient Information",
      "type": "date"
    },
    {
      "key": "last_name",
      "title": "Last Name",
      "section": "Patient Information",
      "type": "input"
    },
    {
      "key": "first_name",
      "title": "First Name",
      "section": "Patient Information",
      "type": "input"
    },
    {
      "key": "mi",
      "title": "MI",
      "section": "Patient Information",
      "type": "input"
    },
    {
      "key": "date_of_birth",
      "title": "Date of Birth",
      "section": "Patient Information",
      "type": "date"
    },
    {
      "key": "age",
      "title": "Age",
      "section": "Patient Information",
      "type": "input"
    },
    {
      "key": "sex",
      "title": "Sex",
      "section": "Patient Information",
      "type": "radio"
    },
    {
      "key": "soc_sec",
      "title": "Terms",
      "section": "Consent",
      "type": "terms"
    },
    {
      "key": "reason_for_todays_visit",
      "title": "Reason for today’s visit? ________________________________________________________________________________________________",
      "section": "General",
      "type": "input"
    },
    {
      "key": "referred_by",
      "title": "Referred by",
      "section": "General",
      "type": "input"
    },
    {
      "key": "how_did_you_hear_about_us",
      "title": "How did you hear about us?",
      "section": "General",
      "type": "dropdown"
    },
    {
      "key": "who_can_we_thank_for_your_visit",
      "title": "Who can we thank for your visit? ________________________",
      "section": "General",
      "type": "input"
    },
    {
      "key": "insureds_name",
      "title": "Insured’s Name _____________________________________________",
      "section": "Insurance",
      "type": "input"
    },
    {
      "key": "insureds_name_2",
      "title": "Insured's Name",
      "section": "Insurance",
      "type": "input"
    },
    {
      "key": "employer",
      "title": "Employer",
      "section": "Insurance",
      "type": "input"
    },
    {
      "key": "insurance_co_address",
      "title": "Insurance Co Address _______________________________________",
      "section": "Insurance",
      "type": "input"
    },
    {
      "key": "insurance_phone",
      "title": "Insurance Phone",
      "section": "Insurance",
      "type": "input"
    },
    {
      "key": "phone",
      "title": "Phone",
      "section": "Insurance",
      "type": "input"
    },
    {
      "key": "group_local",
      "title": "Group # ____________________ Local # _____________________",
      "section": "Insurance",
      "type": "input"
    },
    {
      "key": "insureds_name_4",
      "title": "Insured’s Name ________________________________________",
      "section": "Insurance",
      "type": "input"
    },
    {
      "key": "insurance_co_address_2",
      "title": "Insurance Co Address ______________________________________",
      "section": "Insurance",
      "type": "input"
    },
    {
      "key": "group_local_2",
      "title": "Group # ____________________ Local # ____________________",
      "section": "Insurance",
      "type": "input"
    },
    {
      "key": "your_last_cleaning",
      "title": "Your last cleaning _______/_______",
      "section": "General",
      "type": "input"
    },
    {
      "key": "your_last_oral_cancer_screening",
      "title": "Your last oral cancer screening _______/_______",
      "section": "General",
      "type": "input"
    },
    {
      "key": "your_last_complete_x-rays",
      "title": "Your last complete X-rays _______/_______",
      "section": "General",
      "type": "input"
    },
    {
      "key": "what_is_the_most_important_thing_to_you_about_your_future_smile_",
      "title": "What is the most important thing to you about your future smile and dental health? _____________________________________________",
      "section": "Dental History",
      "type": "input"
    },
    {
      "key": "what_is_the_most_important_thing_to_you_about_your_dental_visit_",
      "title": "What is the most important thing to you about your dental visit today? _________________________________________________________",
      "section": "General",
      "type": "input"
    },
    {
      "key": "why_did_you_leave_your_previous_dentist",
      "title": "Why did you leave your previous dentist? _________________________________________________________________________________",
      "section": "General",
      "type": "input"
    },
    {
      "key": "name_of_your_previous_dentist",
      "title": "Name of your previous dentist _____________________________________________________________________________________________",
      "section": "General",
      "type": "input"
    },
    {
      "key": "how_important_is_your_dental_health_to_you_1",
      "title": "How important is your dental health to you? 1",
      "section": "General",
      "type": "input"
    },
    {
      "key": "where_would_you_rate_your_current_dental_health_1",
      "title": "Where would you rate your current dental health? 1",
      "section": "General",
      "type": "input"
    },
    {
      "key": "where_do_you_want_your_dental_health_to_be_1",
      "title": "Where do you want your dental health to be? 1",
      "section": "General",
      "type": "input"
    },
    {
      "key": "what_would_you_like_to_change_about_your_smile",
      "title": "What would you like to change about your smile?",
      "section": "General",
      "type": "dropdown"
    },
    {
      "key": "the_undersigned_hereby_authorizes_doctor_to_take_x-rays_study_mo",
      "title": "Terms (2)",
      "section": "Consent",
      "type": "terms"
    },
    {
      "key": "for_completion_by_dentist_only_additional_comments",
      "title": "For completion by dentist only | Additional",
      "section": "Signature",
      "type": "input"
    },
    {
      "key": "chemotherapy",
      "title": "Chemotherapy",
      "section": "General",
      "type": "dropdown"
    },
    {
      "key": "radiation_therapy",
      "title": "Radiation Therapy",
      "section": "General",
      "type": "dropdown"
    },
    {
      "key": "angina_chest_pain",
      "title": "Angina (chest pain)",
      "section": "General",
      "type": "dropdown"
    },
    {
      "key": "artiﬁcial_heart_valve",
      "title": "Artiﬁcial Heart Valve",
      "section": "General",
      "type": "dropdown"
    },
    {
      "key": "heart_conditions",
      "title": "Heart",
      "section": "General",
      "type": "dropdown"
    },
    {
      "key": "heart_surgery",
      "title": "Heart Surgery",
      "section": "General",
      "type": "dropdown"
    },
    {
      "key": "highlow_blood_pressure",
      "title": "High/Low Blood Pressure",
      "section": "General",
      "type": "dropdown"
    },
    {
      "key": "mitral_valve_prolapse",
      "title": "Mitral Valve Prolapse",
      "section": "Patient Information",
      "type": "dropdown"
    },
    {
      "key": "pacemaker",
      "title": "Pacemaker",
      "section": "General",
      "type": "dropdown"
    },
    {
      "key": "rheumatic_fever",
      "title": "Rheumatic Fever",
      "section": "General",
      "type": "dropdown"
    },
    {
      "key": "scarlet_fever",
      "title": "Scarlet Fever",
      "section": "General",
      "type": "dropdown"
    },
    {
      "key": "stroke",
      "title": "Stroke",
      "section": "General",
      "type": "dropdown"
    },
    {
      "key": "medical_history_-_please_mark_x_to_your_response_to_indicate_if_",
      "title": "Medical History - Please mark (x) to your response to indicate if you have or have had any of the following",
      "section": "General",
      "type": "input"
    },
    {
      "key": "are_you_under_the_care_of_a_physician_y_or_n_if_yes_please_expla",
      "title": "Are you under the care of a physician? Y or N If yes, please explain ____________________________________________________________",
      "section": "General",
      "type": "input"
    },
    {
      "key": "have_you_had_a_serious_illness_operation_or_hospitalization_in_t",
      "title": "Are you under the care - Please explain",
      "section": "Medical History",
      "type": "input"
    },
    {
      "key": "are_you_taking_or_have_you_recently_taken_any_prescription_or_ov",
      "title": "Are you taking or have you recently taken any prescription or over the counter medicine(s)? Y or N If yes, please list all and why, including vitamins, natural or herbal supplements and/or dietary supplements _________________________________________________________",
      "section": "Medical History",
      "type": "input"
    },
    {
      "key": "have_you_ever_in_the_past_or_are_you_now_currently_taking_any_me",
      "title": "Have you ever in the past, or are you now currently taking any medications for Osteopenia/Osteoporosis or Bone Disease?",
      "section": "Medical History",
      "type": "input"
    },
    {
      "key": "if_so_please_list_medications",
      "title": "If so, please list medications: ___________________________________________________________________________",
      "section": "General",
      "type": "input"
    },
    {
      "key": "have_you_ever_had_surgery",
      "title": "Have you ever had surgery?",
      "section": "General",
      "type": "input"
    },
    {
      "key": "dental_history_cont_-_please_mark_x_any_of_the_following_conditi",
      "title": "Dental History Cont. - Please mark (x) any of the following conditions that apply to you",
      "section": "General",
      "type": "input"
    },
    {
      "key": "discolored_teeth",
      "title": "Discolored teeth",
      "section": "General",
      "type": "dropdown"
    },
    {
      "key": "worn_teeth",
      "title": "Worn teeth",
      "section": "General",
      "type": "dropdown"
    },
    {
      "key": "misshaped_teeth",
      "title": "Misshaped teeth",
      "section": "Patient Information",
      "type": "dropdown"
    },
    {
      "key": "crooked_teeth",
      "title": "Crooked teeth",
      "section": "General",
      "type": "dropdown"
    },
    {
      "key": "spaces",
      "title": "Spaces",
      "section": "General",
      "type": "dropdown"
    },
    {
      "key": "overbite",
      "title": "Overbite",
      "section": "General",
      "type": "dropdown"
    },
    {
      "key": "flat_teeth",
      "title": "Flat teeth",
      "section": "General",
      "type": "dropdown"
    },
    {
      "key": "sensitivity_hot_cold_sweet",
      "title": "Sensitivity (hot, cold, sweet)",
      "section": "General",
      "type": "dropdown"
    },
    {
      "key": "pressure",
      "title": "Pressure",
      "section": "General",
      "type": "dropdown"
    },
    {
      "key": "broken_teethﬁllings",
      "title": "Broken teeth/ﬁllings",
      "section": "General",
      "type": "dropdown"
    },
    {
      "key": "worn_teeth_2",
      "title": "Worn teeth #2",
      "section": "General",
      "type": "dropdown"
    },
    {
      "key": "dry_mouth",
      "title": "Dry Mouth",
      "section": "General",
      "type": "dropdown"
    },
    {
      "key": "patient_name_print",
      "title": "Patient Name (print) ____________________",
      "section": "General",
      "type": "input"
    },
    {
      "key": "grindingclenching",
      "title": "Grinding/Clenching",
      "section": "General",
      "type": "dropdown"
    },
    {
      "key": "headaches",
      "title": "Headaches",
      "section": "General",
      "type": "dropdown"
    },
    {
      "key": "jaw_joint_tmj_pain",
      "title": "Jaw Joint (TMJ) pain",
      "section": "Dental History",
      "type": "dropdown"
    },
    {
      "key": "jaw_joint_tmj_clickingpopping",
      "title": "Jaw Joint (TMJ) clicking/popping",
      "section": "Dental History",
      "type": "dropdown"
    },
    {
      "key": "bad_bite",
      "title": "Bad Bite",
      "section": "General",
      "type": "dropdown"
    },
    {
      "key": "speech_impediment",
      "title": "Speech Impediment",
      "section": "General",
      "type": "dropdown"
    },
    {
      "key": "mouth_breathing",
      "title": "Mouth Breathing",
      "section": "General",
      "type": "dropdown"
    },
    {
      "key": "sore_muscles_neck_shoulders",
      "title": "Sore Muscles (neck, shoulders)",
      "section": "General",
      "type": "dropdown"
    },
    {
      "key": "diﬃculty_opening_or_closing",
      "title": "Diﬃculty Opening or Closing",
      "section": "General",
      "type": "dropdown"
    },
    {
      "key": "diﬃculty_chewing_on_either_side",
      "title": "Diﬃculty Chewing on either side",
      "section": "General",
      "type": "dropdown"
    },
    {
      "key": "bleeding_swollen_irritated_gums",
      "title": "Bleeding, Swollen, Irritated gums",
      "section": "Dental History",
      "type": "dropdown"
    },
    {
      "key": "bad_breath",
      "title": "Bad breath",
      "section": "General",
      "type": "dropdown"
    },
    {
      "key": "loose_tipped_shifting_teeth",
      "title": "Loose tipped, shifting teeth",
      "section": "General",
      "type": "dropdown"
    },
    {
      "key": "previous_periogum_disease",
      "title": "Previous perio/gum disease",
      "section": "General",
      "type": "dropdown"
    },
    {
      "key": "thumb_sucking",
      "title": "Thumb sucking",
      "section": "General",
      "type": "dropdown"
    },
    {
      "key": "nail-biting",
      "title": "Nail-biting",
      "section": "General",
      "type": "dropdown"
    },
    {
      "key": "cheeklip_biting",
      "title": "Cheek/Lip biting",
      "section": "General",
      "type": "dropdown"
    },
    {
      "key": "chewing_on_iceforeign_objects",
      "title": "Chewing on ice/foreign objects",
      "section": "General",
      "type": "dropdown"
    },
    {
      "key": "sleep_pattern_or_conditions",
      "title": "Sleep Pattern or",
      "section": "General",
      "type": "dropdown"
    },
    {
      "key": "snoring",
      "title": "Snoring",
      "section": "General",
      "type": "dropdown"
    },
    {
      "key": "daytime_drowsiness",
      "title": "Daytime Drowsiness",
      "section": "General",
      "type": "dropdown"
    },
    {
      "key": "bed_wetting_for_children",
      "title": "Bed wetting (for children)",
      "section": "General",
      "type": "dropdown"
    },
    {
      "key": "how_much_how_long",
      "title": "How much _____ How long ______",
      "section": "General",
      "type": "input"
    },
    {
      "key": "nitrous_oxide",
      "title": "Nitrous Oxide",
      "section": "General",
      "type": "dropdown"
    },
    {
      "key": "oral_sedation_pill",
      "title": "Oral Sedation (Pill)",
      "section": "General",
      "type": "dropdown"
    },
    {
      "key": "iv_sedation",
      "title": "IV Sedation",
      "section": "General",
      "type": "dropdown"
    },
    {
      "key": "please_list_family_history_of_any",
      "title": "Please list family history of any",
      "section": "General",
      "type": "input"
    },
    {
      "key": "diabetes",
      "title": "Diabetes",
      "section": "General",
      "type": "dropdown"
    },
    {
      "key": "hepatitis_abc",
      "title": "Hepatitis A/B/C",
      "section": "General",
      "type": "dropdown"
    },
    {
      "key": "jaundice",
      "title": "Jaundice",
      "section": "General",
      "type": "dropdown"
    },
    {
      "key": "kidney_disease",
      "title": "Kidney Disease",
      "section": "General",
      "type": "dropdown"
    },
    {
      "key": "liver_disease",
      "title": "Liver Disease",
      "section": "General",
      "type": "dropdown"
    },
    {
      "key": "thyroid_disease",
      "title": "Thyroid Disease",
      "section": "General",
      "type": "dropdown"
    },
    {
      "key": "ulcers_stomach",
      "title": "Ulcers (Stomach)",
      "section": "General",
      "type": "dropdown"
    },
    {
      "key": "gastrointestinal_disease",
      "title": "Gastrointestinal Disease",
      "section": "General",
      "type": "dropdown"
    },
    {
      "key": "anemia",
      "title": "Anemia",
      "section": "General",
      "type": "dropdown"
    },
    {
      "key": "blood_disorders",
      "title": "Blood Disorders",
      "section": "General",
      "type": "dropdown"
    },
    {
      "key": "bruise_easily",
      "title": "Bruise Easily",
      "section": "General",
      "type": "dropdown"
    },
    {
      "key": "excessive_bleeding",
      "title": "Excessive Bleeding",
      "section": "General",
      "type": "dropdown"
    },
    {
      "key": "arthritis",
      "title": "Arthritis",
      "section": "General",
      "type": "dropdown"
    },
    {
      "key": "artiﬁcial_joints",
      "title": "Artiﬁcial Joints",
      "section": "General",
      "type": "dropdown"
    },
    {
      "key": "jaw_joint_pain",
      "title": "Jaw Joint Pain",
      "section": "General",
      "type": "dropdown"
    },
    {
      "key": "rheumatoid_arthritis",
      "title": "Rheumatoid Arthritis",
      "section": "General",
      "type": "dropdown"
    },
    {
      "key": "anxiety",
      "title": "Anxiety",
      "section": "General",
      "type": "dropdown"
    },
    {
      "key": "depression",
      "title": "Depression",
      "section": "General",
      "type": "dropdown"
    },
    {
      "key": "dizziness",
      "title": "Dizziness",
      "section": "General",
      "type": "dropdown"
    },
    {
      "key": "drugalcohol_addiction",
      "title": "Drug/Alcohol Addiction",
      "section": "General",
      "type": "dropdown"
    },
    {
      "key": "fainting",
      "title": "Fainting",
      "section": "General",
      "type": "dropdown"
    },
    {
      "key": "seizures",
      "title": "Seizures",
      "section": "General",
      "type": "dropdown"
    },
    {
      "key": "psychiatric_illness",
      "title": "Psychiatric Illness",
      "section": "General",
      "type": "dropdown"
    },
    {
      "key": "asthma",
      "title": "Asthma",
      "section": "General",
      "type": "dropdown"
    },
    {
      "key": "emphysema",
      "title": "Emphysema",
      "section": "General",
      "type": "dropdown"
    },
    {
      "key": "respiratory_problems",
      "title": "Respiratory Problems",
      "section": "General",
      "type": "dropdown"
    },
    {
      "key": "sinus_problems",
      "title": "Sinus Problems",
      "section": "General",
      "type": "dropdown"
    },
    {
      "key": "sleep_apnea",
      "title": "Sleep Apnea",
      "section": "General",
      "type": "dropdown"
    },
    {
      "key": "tuberculosis",
      "title": "Tuberculosis",
      "section": "General",
      "type": "dropdown"
    },
    {
      "key": "aids",
      "title": "AIDS",
      "section": "General",
      "type": "dropdown"
    },
    {
      "key": "hiv_positive",
      "title": "HIV Positive",
      "section": "General",
      "type": "dropdown"
    },
    {
      "key": "hpv",
      "title": "HPV",
      "section": "General",
      "type": "dropdown"
    },
    {
      "key": "currently_pregnant",
      "title": "Currently Pregnant",
      "section": "General",
      "type": "dropdown"
    },
    {
      "key": "nursing",
      "title": "Nursing",
      "section": "General",
      "type": "dropdown"
    },
    {
      "key": "antibiotics",
      "title": "Antibiotics",
      "section": "Medical History",
      "type": "dropdown"
    },
    {
      "key": "opioids",
      "title": "Opioids",
      "section": "Medical History",
      "type": "dropdown"
    },
    {
      "key": "latex",
      "title": "Latex",
      "section": "Medical History",
      "type": "dropdown"
    },
    {
      "key": "local_anesthetics",
      "title": "Local Anesthetics",
      "section": "Medical History",
      "type": "dropdown"
    },
    {
      "key": "nsaids",
      "title": "NSAIDs",
      "section": "Medical History",
      "type": "dropdown"
    },
    {
      "key": "signature",
      "title": "Signature",
      "section": "Signature",
      "type": "signature"
    }
  ],
  "dictionary_suggestions": {
    "count": 135,
    "message": "Consider adding these fields to dental_form_dictionary.json for better matching"
  }
}