[
  {
    "key": "mobile_phone",
    "type": "input",
    "title": "Mobile Phone",
    "control": {
      "hint": null,
      "input_type": "phone",
      "phone_prefix": "+1"
    },
    "section": "Patient Information",
    "optional": false
  },
  {
    "key": "phone",
    "title": "Phone",
    "section": "Patient Information",
    "optional": false,
    "type": "input",
    "control": {
      "input_type": "phone"
    }
  },
  {
    "key": "ssn",
    "type": "input",
    "title": "SSN",
    "control": {
      "hint": null,
      "input_type": "ssn"
    },
    "section": "General",
    "optional": false
  },
  {
    "key": "age",
    "title": "Age",
    "section": "General",
    "optional": false,
    "type": "input",
    "control": {
      "input_type": "text"
    }
  },
  {
    "key": "email",
    "type": "input",
    "title": "Email",
    "control": {
      "hint": "joe@example.com",
      "input_type": "email"
    },
    "section": "Patient Information",
    "optional": false
  },
  {
    "key": "address",
    "type": "input",
    "title": "Address",
    "control": {
      "hint": "Street Address, Apt#",
      "input_type": "name"
    },
    "section": "Patient Information",
    "optional": false
  },
  {
    "key": "how_did_you_hear_about_us",
    "title": "How did you hear about us?",
    "section": "Dental History",
    "optional": false,
    "type": "dropdown",
    "control": {
      "options": [
        {
          "name": "How did you hear about us?",
          "value": "how_did_you_hear_about_us"
        }
      ],
      "multi": true,
      "extra": {
        "type": "Input",
        "hint": "Other (please specify)"
      }
    }
  },
  {
    "key": "i_livework_in_area_google_yelp_social_media",
    "title": "[ ] I live/work in area [ ] Google [ ] Yelp [ ] Social Media",
    "section": "Dental History",
    "optional": false,
    "type": "dropdown",
    "control": {
      "options": [
        {
          "name": "I live/work in area",
          "value": "i_livework_in_area"
        },
        {
          "name": "Google",
          "value": "google"
        },
        {
          "name": "Yelp",
          "value": "yelp"
        },
        {
          "name": "Social Media",
          "value": "social_media"
        }
      ],
      "multi": true
    }
  },
  {
    "key": "responsible_party_name",
    "title": "Responsible Party Name",
    "section": "Insurance",
    "optional": false,
    "type": "input",
    "control": {
      "input_type": "text"
    }
  },
  {
    "if": [
      {
        "key": "insurance_has",
        "value": true
      },
      {
        "op": "!=",
        "key": "insurance_relationship",
        "value": "self"
      },
      {
        "op": "!=",
        "key": "insurance_relationship",
        "value": null
      }
    ],
    "key": "insurance_holder",
    "type": "input",
    "title": "Insured's Name",
    "control": {
      "hint": "Full name of an insurance subscriber",
      "input_type": "name"
    },
    "section": "Insurance",
    "optional": false
  },
  {
    "key": "q_3138_n_lincoln_ave_chicago_il_5109b_s_pulaski_rd_845_n_michiga",
    "title": "3138 N Lincoln Ave Chicago, IL 5109B S Pulaski Rd. 845 N Michigan Ave Suite 945W",
    "section": "Dental History",
    "optional": false,
    "type": "input",
    "control": {
      "input_type": "text"
    }
  },
  {
    "key": "q_60657_chicago_il_60632_chicago_il_60611",
    "title": "60657 Chicago, IL 60632 Chicago, IL 60611",
    "section": "Dental History",
    "optional": false,
    "type": "input",
    "control": {
      "input_type": "text"
    }
  },
  {
    "key": "although_dental_professionals_primarily_treat_the_area_around_th",
    "title": "Terms",
    "section": "Consent",
    "optional": false,
    "type": "terms",
    "control": {
      "agree_text": "I have read and agree to the terms.",
      "html_text": "Although dental professionals primarily treat the area around the mouth, your mouth is a part of your entire body. Health problems that you may have, or medication that you may be taking, could have an important interrelationship with the dentistry you will receive. Thank you for answering the following questions."
    }
  },
  {
    "key": "do_you_take_or_have_you_taken_phen-fen_or_redux",
    "title": "Do you take, or have you taken, Phen-Fen or Redux?",
    "section": "Medications",
    "optional": false,
    "type": "radio",
    "control": {
      "options": [
        {
          "name": "Yes",
          "value": true
        },
        {
          "name": "No",
          "value": false
        }
      ]
    }
  },
  {
    "key": "have_you_ever_taken_fosamax_boniva_actonel",
    "title": "Have you ever taken Fosamax, Boniva, Actonel/",
    "section": "Medications",
    "optional": false,
    "type": "radio",
    "control": {
      "options": [
        {
          "name": "Yes",
          "value": true
        },
        {
          "name": "No",
          "value": false
        }
      ]
    }
  },
  {
    "key": "are_you_on_a_special_diet",
    "title": "Are you on a special diet?",
    "section": "Medications",
    "optional": false,
    "type": "radio",
    "control": {
      "options": [
        {
          "name": "Yes",
          "value": true
        },
        {
          "name": "No",
          "value": false
        }
      ]
    }
  },
  {
    "key": "do_you_use_tobacco",
    "title": "Do you use tobacco?",
    "section": "Medications",
    "optional": false,
    "type": "radio",
    "control": {
      "options": [
        {
          "name": "Yes",
          "value": true
        },
        {
          "name": "No",
          "value": false
        }
      ]
    }
  },
  {
    "key": "do_you_use_controlled_substances",
    "title": "Do you use controlled substances?",
    "section": "Medications",
    "optional": false,
    "type": "radio",
    "control": {
      "options": [
        {
          "name": "Yes",
          "value": true
        },
        {
          "name": "No",
          "value": false
        }
      ]
    }
  },
  {
    "key": "women_are_you_pregnant_trying_to_get_pregnant_nursing_taking_ora",
    "title": "Women are you : [ ] Pregnant [ ] Trying to get pregnant [ ] Nursing [ ] Taking oral contraceptives",
    "section": "Medications",
    "optional": false,
    "type": "dropdown",
    "control": {
      "options": [
        {
          "name": "Pregnant",
          "value": "pregnant"
        },
        {
          "name": "Trying to get pregnant",
          "value": "trying_to_get_pregnant"
        },
        {
          "name": "Nursing",
          "value": "nursing"
        },
        {
          "name": "Taking oral contraceptives",
          "value": "taking_oral_contraceptives"
        }
      ],
      "multi": true
    }
  },
  {
    "key": "are_you_allergic_to_any_of_the_following_aspirin_penicillin_code",
    "title": "Are you allergic to any of the following? [ ] Aspirin [ ] Penicillin [ ] Codeine [ ] Acrylic [ ] Metal [ ] Latex",
    "section": "Medications",
    "optional": false,
    "type": "dropdown",
    "control": {
      "options": [
        {
          "name": "Aspirin",
          "value": "aspirin"
        },
        {
          "name": "Penicillin",
          "value": "penicillin"
        },
        {
          "name": "Codeine",
          "value": "codeine"
        },
        {
          "name": "Acrylic",
          "value": "acrylic"
        },
        {
          "name": "Metal",
          "value": "metal"
        },
        {
          "name": "Latex",
          "value": "latex"
        }
      ],
      "multi": true
    }
  },
  {
    "key": "do_you_have_or_have_you_had_any_of_the_following",
    "title": "Do you have, or have you had, any of the following?",
    "section": "General",
    "optional": false,
    "type": "dropdown",
    "control": {
      "options": [
        {
          "name": "AIDS/HIV Positive [ ] Chest Pains [ ] Frequent Headaches [ ] Hypoglycemia [ ] Rheurnatism",
          "value": "aidshiv_positive_chest_pains_frequent_headaches_hypoglycemia_rheurnatism"
        },
        {
          "name": "Alzheimer's Disease [ ] Cold Sores/Fever Blisters [ ] Genital Herpes [ ] rregular Heartbeat [ ] Scarlet Fever",
          "value": "alzheimers_disease_cold_soresfever_blisters_genital_herpes_rregular_heartbeat_sc"
        },
        {
          "name": "Anaphylaxis [ ] Congenital Heart Disorder [ ] Glaucoma [ ] Kidney Problems [ ] Shingles",
          "value": "anaphylaxis_congenital_heart_disorder_glaucoma_kidney_problems_shingles"
        },
        {
          "name": "[ ] [ ] [ ] [ ] Sickle Cell Disease",
          "value": "sickle_cell_disease"
        }
      ],
      "multi": true
    }
  },
  {
    "key": "asthma_emphysema_hemophilia_pain_in_jaw_joints_swelling_of_limbs",
    "title": "[ ] Asthma [ ] Emphysema [ ] Hemophilia [ ] Pain in Jaw Joints [ ] Swelling of Limbs",
    "section": "General",
    "optional": false,
    "type": "dropdown",
    "control": {
      "options": [
        {
          "name": "Asthma",
          "value": "asthma"
        },
        {
          "name": "Emphysema",
          "value": "emphysema"
        },
        {
          "name": "Hemophilia",
          "value": "hemophilia"
        },
        {
          "name": "Pain in Jaw Joints",
          "value": "pain_in_jaw_joints"
        },
        {
          "name": "Swelling of Limbs",
          "value": "swelling_of_limbs"
        }
      ],
      "multi": true
    }
  },
  {
    "key": "blood_blood_transfusion_disease_epilepsy_excessive_seizers_bleed",
    "title": "[ ] Blood Blood Transfusion Disease [ ] Epilepsy/ Excessive Seizers Bleeding [ ] Herpes [ ] Psychiatric Care [ ] [ ] Tonsillitis",
    "section": "General",
    "optional": false,
    "type": "dropdown",
    "control": {
      "options": [
        {
          "name": "Blood Blood Transfusion Disease",
          "value": "blood_blood_transfusion_disease"
        },
        {
          "name": "Epilepsy/ Excessive Seizers Bleeding",
          "value": "epilepsy_excessive_seizers_bleeding"
        },
        {
          "name": "Herpes",
          "value": "herpes"
        },
        {
          "name": "Psychiatric Care",
          "value": "psychiatric_care"
        }
      ],
      "multi": true
    }
  },
  {
    "key": "breathing_problem_excessive_thirst_high_blood_pressure_radiation",
    "title": "[ ] Breathing Problem [ ] Excessive Thirst [ ] High Blood Pressure [ ] Radiation Treatments [ ] Tuberculosis Tumors/Growths",
    "section": "General",
    "optional": false,
    "type": "dropdown",
    "control": {
      "options": [
        {
          "name": "Breathing Problem",
          "value": "breathing_problem"
        },
        {
          "name": "Excessive Thirst",
          "value": "excessive_thirst"
        },
        {
          "name": "High Blood Pressure",
          "value": "high_blood_pressure"
        },
        {
          "name": "Radiation Treatments",
          "value": "radiation_treatments"
        },
        {
          "name": "Tuberculosis Tumors/Growths",
          "value": "tuberculosis_tumorsgrowths"
        }
      ],
      "multi": true
    }
  },
  {
    "key": "have_you_had_any_serious_illness_not_listed_above",
    "title": "Have you had any serious illness not listed above?",
    "section": "General",
    "optional": false,
    "type": "radio",
    "control": {
      "options": [
        {
          "name": "Yes",
          "value": true
        },
        {
          "name": "No",
          "value": false
        }
      ]
    }
  },
  {
    "key": "to_the_best_of_my_knowledge_the_questions_on_this_form_have_been",
    "title": "Terms",
    "section": "Consent",
    "optional": false,
    "type": "terms",
    "control": {
      "agree_text": "I have read and agree to the terms.",
      "html_text": "To the best of my knowledge, the questions on this form have been accurately answered. I understand that providing incorrect information can be dangerous to my (or professionals) health. It is my responsibility to inform the dental official of any changes in medical status."
    }
  },
  {
    "key": "signature",
    "type": "block_signature",
    "title": "Signature",
    "control": {
      "language": "en",
      "variant": "adult_no_guardian_details"
    },
    "section": "Signature",
    "optional": false
  }
]