[
  {
    "key": "patient_registration_todays_date",
    "title": "Patient Registration Today's Date",
    "section": "General",
    "optional": false,
    "type": "date",
    "control": {
      "input_type": "any"
    }
  },
  {
    "key": "last_name",
    "type": "input",
    "title": "Last Name",
    "control": {
      "hint": null,
      "input_type": "name"
    },
    "section": "Patient Information",
    "optional": false
  },
  {
    "key": "first_name",
    "type": "input",
    "title": "First Name",
    "control": {
      "hint": null,
      "input_type": "name"
    },
    "section": "Patient Information",
    "optional": false
  },
  {
    "key": "mi",
    "type": "input",
    "title": "MI",
    "control": {
      "hint": null,
      "input_type": "name"
    },
    "section": "Patient Information",
    "optional": false
  },
  {
    "key": "date_of_birth",
    "type": "date",
    "title": "Date of Birth",
    "control": {
      "input_type": "past"
    },
    "section": "Patient Information",
    "optional": false
  },
  {
    "key": "age",
    "title": "Age",
    "section": "General",
    "optional": false,
    "type": "input",
    "control": {
      "input_type": "text"
    }
  },
  {
    "key": "drivers_license",
    "title": "Driver's License #",
    "section": "Patient Information",
    "optional": false,
    "type": "input",
    "control": {
      "input_type": "text"
    }
  },
  {
    "key": "employer",
    "type": "input",
    "title": "Employer",
    "control": {
      "hint": null,
      "input_type": "name"
    },
    "section": "Patient Information",
    "optional": false
  },
  {
    "key": "date_of_birth_2",
    "type": "date",
    "title": "Date of Birth",
    "control": {
      "input_type": "past"
    },
    "section": "Patient Information",
    "optional": false
  },
  {
    "key": "parent_name",
    "title": "Parent Name",
    "section": "Patient Information",
    "optional": false,
    "type": "input",
    "control": {
      "input_type": "text"
    }
  },
  {
    "key": "parent_ssn",
    "title": "Parent SSN",
    "section": "Patient Information",
    "optional": false,
    "type": "input",
    "control": {
      "input_type": "ssn"
    }
  },
  {
    "key": "ssn",
    "type": "input",
    "title": "SSN",
    "control": {
      "hint": null,
      "input_type": "ssn"
    },
    "section": "General",
    "optional": false
  },
  {
    "key": "responsible_party_name",
    "title": "Responsible Party Name",
    "section": "General",
    "optional": false,
    "type": "input",
    "control": {
      "input_type": "text"
    }
  },
  {
    "if": [
      {
        "key": "emergency_providing",
        "value": true
      }
    ],
    "key": "emergency_relationship",
    "type": "input",
    "title": "Relationship",
    "control": {
      "hint": "Relationship to patient",
      "input_type": "text"
    },
    "section": "General",
    "optional": false
  },
  {
    "key": "if_you_are_filling_this_form_out_on_behalf_of_another_person_wha",
    "title": "If you are filling this form out on behalf of another person, what is your relationship to that person?",
    "section": "Emergency Contact",
    "optional": false,
    "type": "input",
    "control": {
      "input_type": "text"
    }
  },
  {
    "key": "reason_for_todays_visit",
    "title": "Reason for today's visit?",
    "section": "General",
    "optional": false,
    "type": "input",
    "control": {
      "input_type": "text"
    }
  },
  {
    "key": "how_did_you_hear_about_us",
    "title": "How did you hear about us?",
    "section": "General",
    "optional": false,
    "type": "dropdown",
    "control": {
      "options": [
        {
          "name": "In-home Mailer [ ] Social Media [ ] Insurance [ ] Practice Website [ ] Internet [ ] Family/Friend/Coworker",
          "value": "in-home_mailer_social_media_insurance_practice_website_internet_familyfriendcowo"
        }
      ],
      "multi": true,
      "extra": {
        "type": "Input",
        "hint": "Other (please specify)"
      }
    }
  },
  {
    "if": [
      {
        "key": "referrer",
        "value": "Friend/Family"
      }
    ],
    "key": "referred_by",
    "type": "input",
    "title": "[ ] Other Who can we thank for your visit?",
    "control": {
      "hint": null,
      "input_type": "name"
    },
    "section": "General",
    "optional": false
  },
  {
    "if": [
      {
        "key": "insurance_has",
        "value": true
      },
      {
        "op": "!=",
        "key": "insurance_relationship",
        "value": "self"
      },
      {
        "op": "!=",
        "key": "insurance_relationship",
        "value": null
      }
    ],
    "key": "insurance_holder",
    "type": "input",
    "title": "Insured's Name Insured's Name",
    "control": {
      "hint": "Full name of an insurance subscriber",
      "input_type": "name"
    },
    "section": "Insurance",
    "optional": false
  },
  {
    "if": [
      {
        "key": "insurance_has",
        "value": true
      },
      {
        "op": "!=",
        "key": "insurance_relationship",
        "value": "self"
      },
      {
        "op": "!=",
        "key": "insurance_relationship",
        "value": null
      }
    ],
    "key": "insurance_holder_2",
    "type": "input",
    "title": "Insured's Name",
    "control": {
      "hint": "Full name of an insurance subscriber",
      "input_type": "name"
    },
    "section": "Insurance",
    "optional": false
  },
  {
    "key": "employer_2",
    "type": "input",
    "title": "Employer",
    "control": {
      "hint": null,
      "input_type": "name"
    },
    "section": "Insurance",
    "optional": false
  },
  {
    "key": "date_of_birth_3",
    "type": "date",
    "title": "Date of Birth",
    "control": {
      "input_type": "past"
    },
    "section": "Insurance",
    "optional": false
  },
  {
    "key": "how_important_is_your_dental_health_to_you_1_2_3_4_5_6_7_8_9_10",
    "title": "How important is your dental health to you? 1 2 3 4 5 6 7 8 9 10",
    "section": "General",
    "optional": false,
    "type": "radio",
    "control": {
      "options": [
        {
          "name": "1",
          "value": 1
        },
        {
          "name": "2",
          "value": 2
        },
        {
          "name": "3",
          "value": 3
        },
        {
          "name": "4",
          "value": 4
        },
        {
          "name": "5",
          "value": 5
        },
        {
          "name": "6",
          "value": 6
        },
        {
          "name": "7",
          "value": 7
        },
        {
          "name": "8",
          "value": 8
        },
        {
          "name": "9",
          "value": 9
        },
        {
          "name": "10",
          "value": 10
        }
      ]
    }
  },
  {
    "key": "where_would_you_rate_your_current_dental_health_1_2_3_4_5_6_7_8_",
    "title": "Where would you rate your current dental health? 1 2 3 4 5 6 7 8 9 10",
    "section": "General",
    "optional": false,
    "type": "radio",
    "control": {
      "options": [
        {
          "name": "1",
          "value": 1
        },
        {
          "name": "2",
          "value": 2
        },
        {
          "name": "3",
          "value": 3
        },
        {
          "name": "4",
          "value": 4
        },
        {
          "name": "5",
          "value": 5
        },
        {
          "name": "6",
          "value": 6
        },
        {
          "name": "7",
          "value": 7
        },
        {
          "name": "8",
          "value": 8
        },
        {
          "name": "9",
          "value": 9
        },
        {
          "name": "10",
          "value": 10
        }
      ]
    }
  },
  {
    "key": "where_do_you_want_your_dental_health_to_be_1_2_3_4_5_6_7_8_9_10",
    "title": "Where do you want your dental health to be? 1 2 3 4 5 6 7 8 9 10",
    "section": "General",
    "optional": false,
    "type": "radio",
    "control": {
      "options": [
        {
          "name": "1",
          "value": 1
        },
        {
          "name": "2",
          "value": 2
        },
        {
          "name": "3",
          "value": 3
        },
        {
          "name": "4",
          "value": 4
        },
        {
          "name": "5",
          "value": 5
        },
        {
          "name": "6",
          "value": 6
        },
        {
          "name": "7",
          "value": 7
        },
        {
          "name": "8",
          "value": 8
        },
        {
          "name": "9",
          "value": 9
        },
        {
          "name": "10",
          "value": 10
        }
      ]
    }
  },
  {
    "key": "what_would_you_like_to_change_about_your_smile",
    "title": "What would you like to change about your smile?",
    "section": "General",
    "optional": false,
    "type": "dropdown",
    "control": {
      "options": [
        {
          "name": "Color [ ] Bite [ ] Chipped Teeth [ ] Spaces [ ] Crowding [ ] Smile Makeover [ ] Missing Teeth [ ] Whiter Teeth",
          "value": "color_bite_chipped_teeth_spaces_crowding_smile_makeover_missing_teeth_whiter_tee"
        }
      ],
      "multi": true
    }
  },
  {
    "key": "your_last_cleaning_your_last_oral_cancer_screening_1_your_last_c",
    "title": "Your last cleaning Your last oral cancer screening 1 Your last complete X-rays /",
    "section": "General",
    "optional": false,
    "type": "input",
    "control": {
      "input_type": "text"
    }
  },
  {
    "key": "what_is_the_most_important_thing_to_you_about_your_future_smile_",
    "title": "What is the most important thing to you about your future smile and dental health?",
    "section": "General",
    "optional": false,
    "type": "input",
    "control": {
      "input_type": "text"
    }
  },
  {
    "key": "what_is_the_most_important_thing_to_you_about_your_dental_visit_",
    "title": "What is the most important thing to you about your dental visit today?",
    "section": "General",
    "optional": false,
    "type": "input",
    "control": {
      "input_type": "text"
    }
  },
  {
    "key": "why_did_you_leave_your_previous_dentist",
    "title": "Why did you leave your previous dentist?",
    "section": "General",
    "optional": false,
    "type": "input",
    "control": {
      "input_type": "text"
    }
  },
  {
    "key": "dental_history_cont_-_please_mark_x_any_of_the_following_conditi",
    "title": "Dental History Cont. - Please mark (x) any of the following conditions that apply to you Patient Name (print)",
    "section": "General",
    "optional": false,
    "type": "input",
    "control": {
      "input_type": "text"
    }
  },
  {
    "key": "discolored_teeth_grindingclenching_thumb_sucking_nitrous_oxide",
    "title": "[ ] Discolored teeth [ ] Grinding/Clenching [ ] Thumb sucking [ ] Nitrous Oxide",
    "section": "General",
    "optional": false,
    "type": "dropdown",
    "control": {
      "options": [
        {
          "name": "Discolored teeth",
          "value": "discolored_teeth"
        },
        {
          "name": "Grinding/Clenching",
          "value": "grindingclenching"
        },
        {
          "name": "Thumb sucking",
          "value": "thumb_sucking"
        },
        {
          "name": "Nitrous Oxide",
          "value": "nitrous_oxide"
        }
      ],
      "multi": true
    }
  },
  {
    "key": "worn_teeth_headaches_nail-biting_oral_sedation_pill",
    "title": "[ ] Worn teeth [ ] Headaches [ ] Nail-biting [ ] Oral Sedation (Pill)",
    "section": "General",
    "optional": false,
    "type": "dropdown",
    "control": {
      "options": [
        {
          "name": "Worn teeth",
          "value": "worn_teeth"
        },
        {
          "name": "Headaches",
          "value": "headaches"
        },
        {
          "name": "Nail",
          "value": "nail"
        },
        {
          "name": "Oral Sedation (Pill)",
          "value": "oral_sedation_pill"
        }
      ],
      "multi": true
    }
  },
  {
    "key": "crooked_teeth_jaw_joint_tmj_clickingpopping_chewing_on_iceforeig",
    "title": "[ ] Crooked teeth [ ] Jaw Joint (TMJ) clicking/popping [ ] Chewing on ice/foreign objects",
    "section": "General",
    "optional": false,
    "type": "dropdown",
    "control": {
      "options": [
        {
          "name": "Crooked teeth",
          "value": "crooked_teeth"
        },
        {
          "name": "Jaw Joint (TMJ) clicking/popping",
          "value": "jaw_joint_tmj_clickingpopping"
        },
        {
          "name": "Chewing on ice/foreign objects",
          "value": "chewing_on_iceforeign_objects"
        }
      ],
      "multi": true
    }
  },
  {
    "key": "spaces_bad_bite_please_list_family_history_of_any",
    "title": "[ ] Spaces [ ] Bad Bite Please list family history of any",
    "section": "General",
    "optional": false,
    "type": "dropdown",
    "control": {
      "options": [
        {
          "name": "Spaces",
          "value": "spaces"
        },
        {
          "name": "Bad Bite Please list family history of any",
          "value": "bad_bite_please_list_family_history_of_any"
        }
      ],
      "multi": true
    }
  },
  {
    "key": "flat_teeth_mouth_breathing_snoring",
    "title": "Flat teeth [ ] Mouth Breathing [ ] Snoring",
    "section": "General",
    "optional": false,
    "type": "dropdown",
    "control": {
      "options": [
        {
          "name": "Mouth Breathing",
          "value": "mouth_breathing"
        },
        {
          "name": "Snoring",
          "value": "snoring"
        }
      ],
      "multi": true
    }
  },
  {
    "key": "paindiscomfort_sore_muscles_neck_shoulders_daytime_drowsiness",
    "title": "Pain/Discomfort [ ] Sore Muscles (neck, shoulders) [ ] Daytime Drowsiness",
    "section": "General",
    "optional": false,
    "type": "dropdown",
    "control": {
      "options": [
        {
          "name": "Sore Muscles (neck, shoulders)",
          "value": "sore_muscles_neck_shoulders"
        },
        {
          "name": "Daytime Drowsiness",
          "value": "daytime_drowsiness"
        }
      ],
      "multi": true
    }
  },
  {
    "key": "sensitivity_hot_cold_sweet_difficulty_opening_or_closing_bed_wet",
    "title": "[ ] Sensitivity (hot, cold, sweet) [ ] Difficulty Opening or Closing [ ] Bed wetting (for children)",
    "section": "General",
    "optional": false,
    "type": "dropdown",
    "control": {
      "options": [
        {
          "name": "Sensitivity (hot, cold, sweet)",
          "value": "sensitivity_hot_cold_sweet"
        },
        {
          "name": "Difficulty Opening or Closing",
          "value": "difficulty_opening_or_closing"
        },
        {
          "name": "Bed wetting (for children)",
          "value": "bed_wetting_for_children"
        }
      ],
      "multi": true
    }
  },
  {
    "key": "pressure_difficulty_chewing_on_either_side",
    "title": "[ ] Pressure Difficulty Chewing on either side",
    "section": "General",
    "optional": false,
    "type": "dropdown",
    "control": {
      "options": [
        {
          "name": "Pressure Difficulty Chewing on either side",
          "value": "pressure_difficulty_chewing_on_either_side"
        }
      ],
      "multi": true
    }
  },
  {
    "key": "broken_teethfillings_periodontal_gum_health_social",
    "title": "[ ] Broken teeth/fillings Periodontal (Gum) Health Social",
    "section": "General",
    "optional": false,
    "type": "dropdown",
    "control": {
      "options": [
        {
          "name": "Broken teeth/fillings Periodontal (Gum) Health Social",
          "value": "broken_teethfillings_periodontal_gum_health_social"
        }
      ],
      "multi": true
    }
  },
  {
    "key": "bleeding_swollen_irritated_gums_tobacco",
    "title": "[ ] [ ] Bleeding, Swollen, Irritated gums Tobacco",
    "section": "General",
    "optional": false,
    "type": "dropdown",
    "control": {
      "options": [
        {
          "name": "Worn Dry Mouth teeth [ ] Bad breath How much How long",
          "value": "worn_dry_mouth_teeth_bad_breath_how_much_how_long"
        },
        {
          "name": "Loose tipped, shifting teeth Alcohol Frequency",
          "value": "loose_tipped_shifting_teeth_alcohol_frequency"
        },
        {
          "name": "Previous perio/gum disease Drugs Frequency",
          "value": "previous_periogum_disease_drugs_frequency"
        }
      ],
      "multi": true
    }
  },
  {
    "key": "medical_history_-_please_mark_x_to_your_response_to_indicate_if_",
    "title": "Medical History - Please mark (x) to your response to indicate if you have or have had any of the following",
    "section": "General",
    "optional": false,
    "type": "input",
    "control": {
      "input_type": "text"
    }
  },
  {
    "key": "artificial_angina_chest_heart_pain_valve_thyroid_disease_neurolo",
    "title": "[ ] Artificial Angina (chest Heart pain) Valve [ ] Thyroid Disease Neurological [ ] Anxiety [ ] Tuberculosis [ ] Latex Local Anesthetics",
    "section": "General",
    "optional": false,
    "type": "dropdown",
    "control": {
      "options": [
        {
          "name": "Artificial Angina (chest Heart pain) Valve",
          "value": "artificial_angina_chest_heart_pain_valve"
        },
        {
          "name": "Thyroid Disease Neurological",
          "value": "thyroid_disease_neurological"
        },
        {
          "name": "Anxiety",
          "value": "anxiety"
        },
        {
          "name": "Tuberculosis",
          "value": "tuberculosis"
        },
        {
          "name": "Latex Local Anesthetics",
          "value": "latex_local_anesthetics"
        }
      ],
      "multi": true
    }
  },
  {
    "key": "heart_conditions_gastrointestinal_depression_viral_infections_ns",
    "title": "[ ] Heart Conditions Gastrointestinal [ ] Depression Viral Infections [ ] NSAIDS",
    "section": "General",
    "optional": false,
    "type": "dropdown",
    "control": {
      "options": [
        {
          "name": "Heart Conditions Gastrointestinal",
          "value": "heart_conditions_gastrointestinal"
        },
        {
          "name": "Depression Viral Infections",
          "value": "depression_viral_infections"
        },
        {
          "name": "NSAIDS",
          "value": "nsaids"
        }
      ],
      "multi": true
    }
  },
  {
    "key": "heart_surgery_ulcers_stomach_dizziness_aids",
    "title": "[ ] Heart Surgery [ ] Ulcers (Stomach) [ ] Dizziness [ ] AIDS",
    "section": "General",
    "optional": false,
    "type": "dropdown",
    "control": {
      "options": [
        {
          "name": "Heart Surgery",
          "value": "heart_surgery"
        },
        {
          "name": "Ulcers (Stomach)",
          "value": "ulcers_stomach"
        },
        {
          "name": "Dizziness",
          "value": "dizziness"
        },
        {
          "name": "AIDS",
          "value": "aids"
        }
      ],
      "multi": true
    }
  },
  {
    "key": "highlow_blood_pressure_gastrointestinal_disease_drugalcohol_addi",
    "title": "[ ] High/Low Blood Pressure [ ] Gastrointestinal Disease [ ] Drug/Alcohol Addiction [ ] HIV Positive Other [ ] Allergies",
    "section": "General",
    "optional": false,
    "type": "dropdown",
    "control": {
      "options": [
        {
          "name": "High/Low Blood Pressure",
          "value": "highlow_blood_pressure"
        },
        {
          "name": "Gastrointestinal Disease",
          "value": "gastrointestinal_disease"
        },
        {
          "name": "Drug/Alcohol Addiction",
          "value": "drugalcohol_addiction"
        },
        {
          "name": "HIV Positive Other",
          "value": "hiv_positive_other"
        },
        {
          "name": "Allergies",
          "value": "allergies"
        }
      ],
      "multi": true
    }
  },
  {
    "key": "mitral_valve_prolapse_fainting_hpv",
    "title": "[ ] Mitral Valve Prolapse [ ] Fainting [ ] HPV",
    "section": "Patient Information",
    "optional": false,
    "type": "dropdown",
    "control": {
      "options": [
        {
          "name": "Mitral Valve Prolapse",
          "value": "mitral_valve_prolapse"
        },
        {
          "name": "Fainting",
          "value": "fainting"
        },
        {
          "name": "HPV",
          "value": "hpv"
        }
      ],
      "multi": true
    }
  },
  {
    "key": "are_you_under_the_care_of_a_physician_y_or_n_if_yes_please_expla",
    "title": "Are you under the care of a physician? Y or N If yes, please explain",
    "section": "General",
    "optional": false,
    "type": "input",
    "control": {
      "input_type": "text"
    }
  },
  {
    "key": "have_you_had_a_serious_illness_operation_or_hospitalization_in_t",
    "title": "Have you had a serious illness, operation, or hospitalization in the past 5 years? Y or N, If yes please explain",
    "section": "General",
    "optional": false,
    "type": "input",
    "control": {
      "input_type": "text"
    }
  },
  {
    "key": "are_you_taking_or_have_you_recently_taken_any_prescription_or_ov",
    "title": "Are you taking or have you recently taken any prescription or over the counter medicine(s)? Y or N If yes, please list all and why, including vitamins, natural or herbal supplements and/or dietary supplements",
    "section": "General",
    "optional": false,
    "type": "input",
    "control": {
      "input_type": "text"
    }
  },
  {
    "key": "have_you_ever_in_the_past_or_are_you_now_currently_taking_any_me",
    "title": "Have you ever in the past, or are you now currently taking any medications for Osteopenia/Osteoporosis or Bone Disease?",
    "section": "General",
    "optional": false,
    "type": "input",
    "control": {
      "input_type": "text"
    }
  },
  {
    "key": "the_undersigned_hereby_authorizes_doctor_to_take_x-rays_study_mo",
    "title": "Terms",
    "section": "Consent",
    "optional": false,
    "type": "terms",
    "control": {
      "agree_text": "I have read and agree to the terms.",
      "html_text": "The undersigned hereby authorizes Doctor to take x-rays, study models, photographs, or any other diagnostic aids deemed appropriate by Doctor to make a thorough diagnosis of the patient's dental needs. I also authorize Doctor to perform any and all forms of treatment, medication and therapy that may be indicated. I also understand the use of anesthetic agents embodies a certain risk. I have read, understand and agree to the above terms and conditions."
    }
  },
  {
    "key": "signature",
    "type": "block_signature",
    "title": "Signature",
    "control": {
      "language": "en",
      "variant": "adult_no_guardian_details"
    },
    "section": "Signature",
    "optional": false
  },
  {
    "key": "for_completion_by_dentist_only_additional_comments",
    "title": "For completion by dentist only | Additional Comments",
    "section": "Consent",
    "optional": false,
    "type": "input",
    "control": {
      "input_type": "text"
    }
  }
]