{
  "file": "Chicago-Dental-Solutions_Form.modento.json",
  "total_items": 60,
  "reused_from_dictionary": 27,
  "reused_pct": 45.0,
  "counts_by_section": {
    "Patient Information": 23,
    "Insurance": 15,
    "Medical History": 20,
    "General": 1,
    "Signature": 1
  },
  "counts_by_type": {
    "input": 32,
    "date": 3,
    "states": 3,
    "radio": 12,
    "dropdown": 9,
    "block_signature": 1
  },
  "matches": [
    {
      "title": "First Name",
      "parsed_key": "first_name",
      "section": "Patient Information",
      "matched_key": "first_name",
      "reason": "key_exact",
      "score": 1.0,
      "coverage": 1.0
    },
    {
      "title": "Last Name",
      "parsed_key": "last_name",
      "section": "Patient Information",
      "matched_key": "last_name",
      "reason": "key_exact",
      "score": 1.0,
      "coverage": 1.0
    },
    {
      "title": "Preferred Name",
      "parsed_key": "preferred_name",
      "section": "Patient Information",
      "matched_key": "preferred_name",
      "reason": "key_exact",
      "score": 1.0,
      "coverage": 1.0
    },
    {
      "title": "Birth Date",
      "parsed_key": "birth_date",
      "section": "Patient Information",
      "matched_key": "date_of_birth",
      "reason": "title_exact",
      "score": 0.95,
      "coverage": 1.0
    },
    {
      "title": "Address",
      "parsed_key": "address",
      "section": "Patient Information",
      "matched_key": "address",
      "reason": "key_exact",
      "score": 1.0,
      "coverage": 1.0
    },
    {
      "title": "SSN",
      "parsed_key": "ssn",
      "section": "Patient Information",
      "matched_key": "ssn",
      "reason": "key_exact",
      "score": 1.0,
      "coverage": 1.0
    },
    {
      "title": "City",
      "parsed_key": "city",
      "section": "Patient Information",
      "matched_key": "city",
      "reason": "key_exact",
      "score": 1.0,
      "coverage": 1.0
    },
    {
      "title": "State",
      "parsed_key": "state",
      "section": "Patient Information",
      "matched_key": "state",
      "reason": "key_exact",
      "score": 1.0,
      "coverage": 1.0
    },
    {
      "title": "Zip",
      "parsed_key": "zip",
      "section": "Patient Information",
      "matched_key": "zipcode",
      "reason": "title_exact",
      "score": 0.95,
      "coverage": 1.0
    },
    {
      "title": "Mobile Phone",
      "parsed_key": "mobile_phone",
      "section": "Patient Information",
      "matched_key": "mobile_phone",
      "reason": "key_exact",
      "score": 1.0,
      "coverage": 1.0
    },
    {
      "title": "Work Phone",
      "parsed_key": "work_phone",
      "section": "Patient Information",
      "matched_key": "work_phone",
      "reason": "key_exact",
      "score": 1.0,
      "coverage": 1.0
    },
    {
      "title": "Gender",
      "parsed_key": "gender",
      "section": "Patient Information",
      "matched_key": "sex",
      "reason": "title_exact",
      "score": 0.475,
      "coverage": 1.0
    },
    {
      "title": "Marital Status",
      "parsed_key": "marital_status",
      "section": "Patient Information",
      "matched_key": "marital_status",
      "reason": "key_exact",
      "score": 1.0,
      "coverage": 1.0
    },
    {
      "title": "Email",
      "parsed_key": "email",
      "section": "Patient Information",
      "matched_key": "email",
      "reason": "key_exact",
      "score": 1.0,
      "coverage": 1.0
    },
    {
      "title": "Emergency Contact",
      "parsed_key": "emergency_contact",
      "section": "Patient Information",
      "matched_key": "emergency_name",
      "reason": "alias_exact",
      "score": 0.96,
      "coverage": 1.0
    },
    {
      "title": "I was Referred by",
      "parsed_key": "i_was_referred_by",
      "section": "Patient Information",
      "matched_key": "referred_by",
      "reason": "alias_contains",
      "score": 0.93,
      "coverage": 1.0
    },
    {
      "title": "Primary Insurance (Policy Holder)",
      "parsed_key": "primary_insurance_policy_holder__primary",
      "section": "Insurance",
      "matched_key": "insurance_id_number",
      "reason": "alias_contains",
      "score": 0.93,
      "coverage": 1.0
    },
    {
      "title": "Name of Insurance Company",
      "parsed_key": "name_of_insurance_company",
      "section": "Insurance",
      "matched_key": "insurance_company",
      "reason": "alias_contains",
      "score": 0.93,
      "coverage": 1.0
    },
    {
      "title": "State",
      "parsed_key": "state__primary",
      "section": "Insurance",
      "matched_key": "state",
      "reason": "key_base_exact",
      "score": 0.98,
      "coverage": 1.0
    },
    {
      "title": "Policy Holder Name",
      "parsed_key": "policy_holder_name",
      "section": "Insurance",
      "matched_key": "insurance_holder",
      "reason": "alias_exact",
      "score": 0.96,
      "coverage": 1.0
    },
    {
      "title": "ID Number",
      "parsed_key": "id_number",
      "section": "Insurance",
      "matched_key": "insurance_id_number",
      "reason": "title_exact",
      "score": 0.95,
      "coverage": 1.0
    },
    {
      "title": "SSN",
      "parsed_key": "ssn__primary",
      "section": "Insurance",
      "matched_key": "ssn",
      "reason": "key_base_exact",
      "score": 0.98,
      "coverage": 1.0
    },
    {
      "title": "Group#",
      "parsed_key": "group",
      "section": "Insurance",
      "matched_key": "insurance_group_number",
      "reason": "alias_contains",
      "score": 0.93,
      "coverage": 1.0
    },
    {
      "title": "Responsible Party Name",
      "parsed_key": "responsible_party_name",
      "section": "Insurance",
      "matched_key": "responsible_party_name",
      "reason": "key_exact",
      "score": 1.0,
      "coverage": 1.0
    },
    {
      "title": "Insured's Name",
      "parsed_key": "insureds_name",
      "section": "Insurance",
      "matched_key": "insurance_holder",
      "reason": "alias_exact",
      "score": 0.96,
      "coverage": 1.0
    },
    {
      "title": "State",
      "parsed_key": "state__primary_2",
      "section": "Insurance",
      "matched_key": "state",
      "reason": "title_exact",
      "score": 0.85,
      "coverage": 1.0
    },
    {
      "title": "Signature",
      "parsed_key": "signature",
      "section": "Signature",
      "matched_key": "signature",
      "reason": "key_exact",
      "score": 1.0,
      "coverage": 1.0
    }
  ],
  "near_misses": [
    {
      "title": "Birth Date#: / /",
      "parsed_key": "birth_date__primary",
      "section": "Insurance",
      "matched_key": "date_of_birth",
      "reason": "near",
      "score": 0.7875000000000001,
      "coverage": 1.0
    },
    {
      "title": "Birth Date: / /",
      "parsed_key": "birth_date__primary_2",
      "section": "Insurance",
      "matched_key": "date_of_birth",
      "reason": "near",
      "score": 0.7875000000000001,
      "coverage": 1.0
    }
  ],
  "gates": [
    "duplicate_consolidation -> Removed ssn__primary from Insurance, kept ssn in Patient Information",
    "malformed_grid_detected -> 'Local Anesthesia Sulfa Drugs Other...' with 3 options",
    "unique_title -> 'Name of Employer' → 'Name of Employer (Primary)' (suffix)",
    "unique_title -> 'State' → 'State #2' (suffix)",
    "unique_title -> 'Name of Employer' → 'Name of Employer (Primary)' (suffix)",
    "unique_title -> 'Please explain' → 'Have you ever been hospitalized/ - Please explain' (context)",
    "unique_title -> 'Please explain' → 'Have you ever had a - Please explain' (context)",
    "unique_title -> 'Please explain' → 'Are you taking any medications, - Please explain' (context)",
    "unique_title -> 'Please explain' → 'Do you have, or have - Please explain' (context)"
  ]
}