{
  "file": "npf.modento.json",
  "total_items": 50,
  "reused_from_dictionary": 47,
  "reused_pct": 94.0,
  "counts_by_section": {
    "Patient Information": 31,
    "General": 6,
    "Insurance": 8,
    "Dental History": 1,
    "Consent": 3,
    "Signature": 1
  },
  "counts_by_type": {
    "date": 2,
    "input": 31,
    "states": 6,
    "radio": 5,
    "dropdown": 2,
    "terms": 3,
    "block_signature": 1
  },
  "matches": [
    {
      "title": "MI",
      "parsed_key": "mi",
      "section": "Patient Information",
      "matched_key": "mi",
      "reason": "key_exact",
      "score": 1.0,
      "coverage": 1.0
    },
    {
      "title": "Preferred Name",
      "parsed_key": "preferred_name",
      "section": "Patient Information",
      "matched_key": "preferred_name",
      "reason": "key_exact",
      "score": 1.0,
      "coverage": 1.0
    },
    {
      "title": "Address",
      "parsed_key": "address",
      "section": "Patient Information",
      "matched_key": "address",
      "reason": "key_exact",
      "score": 1.0,
      "coverage": 1.0
    },
    {
      "title": "SSN",
      "parsed_key": "ssn",
      "section": "Patient Information",
      "matched_key": "ssn",
      "reason": "key_exact",
      "score": 1.0,
      "coverage": 1.0
    },
    {
      "title": "City",
      "parsed_key": "city",
      "section": "Patient Information",
      "matched_key": "city",
      "reason": "key_exact",
      "score": 1.0,
      "coverage": 1.0
    },
    {
      "title": "State",
      "parsed_key": "state",
      "section": "Patient Information",
      "matched_key": "state",
      "reason": "key_exact",
      "score": 1.0,
      "coverage": 1.0
    },
    {
      "title": "Zip",
      "parsed_key": "zip",
      "section": "Patient Information",
      "matched_key": "zipcode",
      "reason": "title_exact",
      "score": 0.95,
      "coverage": 1.0
    },
    {
      "title": "Phone: Mobile Home Work",
      "parsed_key": "phone_mobile_home_work",
      "section": "Patient Information",
      "matched_key": "mobile_phone",
      "reason": "alias_contains",
      "score": 0.93,
      "coverage": 1.0
    },
    {
      "title": "E-Mail",
      "parsed_key": "e-mail",
      "section": "Patient Information",
      "matched_key": "email",
      "reason": "alias_exact",
      "score": 0.96,
      "coverage": 1.0
    },
    {
      "title": "Driver's License #",
      "parsed_key": "drivers_license",
      "section": "Patient Information",
      "matched_key": "drivers_license",
      "reason": "key_exact",
      "score": 1.0,
      "coverage": 1.0
    },
    {
      "title": "State",
      "parsed_key": "state_2",
      "section": "Patient Information",
      "matched_key": "state",
      "reason": "title_exact",
      "score": 0.95,
      "coverage": 1.0
    },
    {
      "title": "Mobile Phone",
      "parsed_key": "mobile_phone",
      "section": "Patient Information",
      "matched_key": "mobile_phone",
      "reason": "key_exact",
      "score": 1.0,
      "coverage": 1.0
    },
    {
      "title": "Home Phone",
      "parsed_key": "home_phone",
      "section": "Patient Information",
      "matched_key": "home_phone",
      "reason": "key_exact",
      "score": 1.0,
      "coverage": 1.0
    },
    {
      "title": "Work Phone",
      "parsed_key": "work_phone",
      "section": "Patient Information",
      "matched_key": "work_phone",
      "reason": "key_exact",
      "score": 1.0,
      "coverage": 1.0
    },
    {
      "title": "Email",
      "parsed_key": "email",
      "section": "Patient Information",
      "matched_key": "email",
      "reason": "key_exact",
      "score": 1.0,
      "coverage": 1.0
    },
    {
      "title": "Date of Birth",
      "parsed_key": "date_of_birth",
      "section": "Patient Information",
      "matched_key": "date_of_birth",
      "reason": "key_exact",
      "score": 1.0,
      "coverage": 1.0
    },
    {
      "title": "Patient Employed By Occupation",
      "parsed_key": "patient_employed_by_occupation",
      "section": "Patient Information",
      "matched_key": "occupation",
      "reason": "alias_contains",
      "score": 0.93,
      "coverage": 1.0
    },
    {
      "title": "State",
      "parsed_key": "state_3",
      "section": "Patient Information",
      "matched_key": "state",
      "reason": "title_exact",
      "score": 0.95,
      "coverage": 1.0
    },
    {
      "title": "Sex",
      "parsed_key": "sex",
      "section": "Patient Information",
      "matched_key": "sex",
      "reason": "key_exact",
      "score": 1.0,
      "coverage": 1.0
    },
    {
      "title": "Marital Status",
      "parsed_key": "marital_status",
      "section": "Patient Information",
      "matched_key": "marital_status",
      "reason": "key_exact",
      "score": 1.0,
      "coverage": 1.0
    },
    {
      "title": "Relationship to Patient",
      "parsed_key": "relationship_to_patient",
      "section": "Patient Information",
      "matched_key": "parent_relationship",
      "reason": "title_exact",
      "score": 0.95,
      "coverage": 1.0
    },
    {
      "title": "Full-time Student",
      "parsed_key": "full-time_student",
      "section": "General",
      "matched_key": "full_time_student",
      "reason": "alias_contains",
      "score": 0.93,
      "coverage": 1.0
    },
    {
      "title": "Name of Responsible Party: First Last",
      "parsed_key": "name_of_responsible_party_first_last",
      "section": "General",
      "matched_key": "responsible_party_name",
      "reason": "alias_contains",
      "score": 0.93,
      "coverage": 1.0
    },
    {
      "title": "Date of Birth",
      "parsed_key": "date_of_birth_2",
      "section": "General",
      "matched_key": "date_of_birth",
      "reason": "title_exact",
      "score": 0.95,
      "coverage": 1.0
    },
    {
      "title": "Relationship",
      "parsed_key": "relationship",
      "section": "General",
      "matched_key": "emergency_relationship",
      "reason": "title_exact",
      "score": 0.95,
      "coverage": 1.0
    },
    {
      "title": "Address",
      "parsed_key": "address_4",
      "section": "General",
      "matched_key": "address",
      "reason": "title_exact",
      "score": 0.95,
      "coverage": 1.0
    },
    {
      "title": "SSN",
      "parsed_key": "ssn_4",
      "section": "General",
      "matched_key": "ssn",
      "reason": "alias_contains",
      "score": 0.93,
      "coverage": 1.0
    },
    {
      "title": "City",
      "parsed_key": "city_3",
      "section": "General",
      "matched_key": "city",
      "reason": "title_exact",
      "score": 0.95,
      "coverage": 1.0
    },
    {
      "title": "State",
      "parsed_key": "state_4",
      "section": "General",
      "matched_key": "state",
      "reason": "title_exact",
      "score": 0.95,
      "coverage": 1.0
    },
    {
      "title": "Zip",
      "parsed_key": "zip_3",
      "section": "General",
      "matched_key": "zipcode",
      "reason": "title_exact",
      "score": 0.95,
      "coverage": 1.0
    },
    {
      "title": "Phone: Mobile Home Work",
      "parsed_key": "phone_mobile_home_work_2",
      "section": "General",
      "matched_key": "mobile_phone",
      "reason": "alias_contains",
      "score": 0.93,
      "coverage": 1.0
    },
    {
      "title": "Employer",
      "parsed_key": "employer",
      "section": "General",
      "matched_key": "employer",
      "reason": "key_exact",
      "score": 1.0,
      "coverage": 1.0
    },
    {
      "title": "Occupation",
      "parsed_key": "occupation",
      "section": "General",
      "matched_key": "occupation",
      "reason": "key_exact",
      "score": 1.0,
      "coverage": 1.0
    },
    {
      "title": "State",
      "parsed_key": "state_5",
      "section": "General",
      "matched_key": "state",
      "reason": "title_exact",
      "score": 0.95,
      "coverage": 1.0
    },
    {
      "title": "Insured's Name",
      "parsed_key": "insureds_name",
      "section": "Insurance",
      "matched_key": "insurance_holder",
      "reason": "alias_exact",
      "score": 0.96,
      "coverage": 1.0
    },
    {
      "title": "SSN",
      "parsed_key": "ssn_6",
      "section": "Insurance",
      "matched_key": "ssn",
      "reason": "alias_contains",
      "score": 0.8300000000000001,
      "coverage": 1.0
    },
    {
      "title": "Insurance Company",
      "parsed_key": "insurance_company",
      "section": "Insurance",
      "matched_key": "insurance_company",
      "reason": "key_exact",
      "score": 1.0,
      "coverage": 1.0
    },
    {
      "title": "Address",
      "parsed_key": "address_6",
      "section": "Insurance",
      "matched_key": "address",
      "reason": "title_exact",
      "score": 0.85,
      "coverage": 1.0
    },
    {
      "title": "City",
      "parsed_key": "city_5",
      "section": "Insurance",
      "matched_key": "city",
      "reason": "title_exact",
      "score": 0.85,
      "coverage": 1.0
    },
    {
      "title": "State",
      "parsed_key": "state_6",
      "section": "Insurance",
      "matched_key": "state",
      "reason": "title_exact",
      "score": 0.85,
      "coverage": 1.0
    },
    {
      "title": "Zip",
      "parsed_key": "zip_5",
      "section": "Insurance",
      "matched_key": "zipcode",
      "reason": "title_exact",
      "score": 0.85,
      "coverage": 1.0
    },
    {
      "title": "ID Number",
      "parsed_key": "id_number",
      "section": "Dental History",
      "matched_key": "insurance_id_number",
      "reason": "title_exact",
      "score": 0.85,
      "coverage": 1.0
    },
    {
      "title": "Relationship to Insured",
      "parsed_key": "relationship_to_insured",
      "section": "Dental History",
      "matched_key": "insurance_relationship",
      "reason": "alias_exact",
      "score": 0.86,
      "coverage": 1.0
    },
    {
      "title": "Relationship",
      "parsed_key": "relationship_2",
      "section": "Dental History",
      "matched_key": "emergency_relationship",
      "reason": "title_exact",
      "score": 0.95,
      "coverage": 1.0
    },
    {
      "title": "Insured's Name",
      "parsed_key": "insureds_name_2",
      "section": "Dental History",
      "matched_key": "insurance_holder",
      "reason": "alias_exact",
      "score": 0.86,
      "coverage": 1.0
    },
    {
      "title": "SSN",
      "parsed_key": "ssn_8",
      "section": "Dental History",
      "matched_key": "ssn",
      "reason": "alias_contains",
      "score": 0.93,
      "coverage": 1.0
    },
    {
      "title": "Signature",
      "parsed_key": "signature",
      "section": "Signature",
      "matched_key": "signature",
      "reason": "key_exact",
      "score": 1.0,
      "coverage": 1.0
    }
  ],
  "near_misses": [],
  "gates": [
    "rehome -> Patient Information :: Date of Birth",
    "rehome -> Patient Information :: Address",
    "rehome -> Patient Information :: City",
    "rehome -> Patient Information :: State",
    "rehome -> Patient Information :: Zip",
    "rehome -> Patient Information :: Phone: Mobile Home Work",
    "rehome -> Patient Information :: Employer",
    "rehome -> Patient Information :: Occupation",
    "rehome -> Patient Information :: State",
    "rehome -> Insurance :: ID Number",
    "rehome -> Insurance :: Relationship to Insured",
    "rehome -> Insurance :: Insured's Name",
    "duplicate_consolidation -> Removed duplicate mobile_phone_2 from Patient Information",
    "duplicate_consolidation -> Removed duplicate email_2 from Patient Information",
    "duplicate_consolidation -> Removed duplicate date_of_birth_2 from Patient Information",
    "duplicate_consolidation -> Removed duplicate address_2 from Patient Information",
    "duplicate_consolidation -> Removed ssn_2 from General, kept ssn in Patient Information",
    "duplicate_consolidation -> Removed duplicate mobile_phone_3 from Patient Information",
    "duplicate_consolidation -> Removed ssn_3 from Insurance, kept ssn in Patient Information",
    "duplicate_consolidation -> Removed phone_4 from Insurance, kept phone in Patient Information",
    "duplicate_consolidation -> Removed address_3 from Insurance, kept address in Patient Information",
    "duplicate_consolidation -> Removed ssn_4 from Dental History, kept ssn in Patient Information",
    "unique_title -> 'State' → 'State #2' (suffix)",
    "unique_title -> 'State' → 'State #3' (suffix)",
    "unique_title -> 'City' → 'City #2' (suffix)",
    "unique_title -> 'State' → 'State #4' (suffix)",
    "unique_title -> 'Zip' → 'Zip #2' (suffix)",
    "unique_title -> 'State' → 'State #5' (suffix)",
    "unique_title -> 'Insured's Name' → 'Insured's Name #2' (suffix)",
    "unique_title -> 'Terms' → 'Terms (2)' (numeric)",
    "unique_title -> 'Terms' → 'Terms (3)' (numeric)"
  ]
}