{
  "file": "Chicago-Dental-Solutions_Form.modento.json",
  "total_items": 46,
  "reused_from_dictionary": 20,
  "reused_pct": 43.47826086956522,
  "counts_by_section": {
    "Patient Information": 8,
    "General": 4,
    "Dental History": 1,
    "Insurance": 12,
    "Medical History": 20,
    "Signature": 1
  },
  "counts_by_type": {
    "input": 23,
    "states": 3,
    "radio": 11,
    "dropdown": 8,
    "block_signature": 1
  },
  "matches": [
    {
      "title": "Address",
      "parsed_key": "address",
      "section": "General",
      "matched_key": "address",
      "reason": "key_exact",
      "score": 1.0,
      "coverage": 1.0
    },
    {
      "title": "SSN",
      "parsed_key": "ssn",
      "section": "General",
      "matched_key": "ssn",
      "reason": "key_exact",
      "score": 1.0,
      "coverage": 1.0
    },
    {
      "title": "City",
      "parsed_key": "city",
      "section": "General",
      "matched_key": "city",
      "reason": "key_exact",
      "score": 1.0,
      "coverage": 1.0
    },
    {
      "title": "State",
      "parsed_key": "state",
      "section": "General",
      "matched_key": "state",
      "reason": "key_exact",
      "score": 1.0,
      "coverage": 1.0
    },
    {
      "title": "Zip",
      "parsed_key": "zip",
      "section": "General",
      "matched_key": "zipcode",
      "reason": "title_exact",
      "score": 0.95,
      "coverage": 1.0
    },
    {
      "title": "Mobile Phone",
      "parsed_key": "mobile_phone",
      "section": "General",
      "matched_key": "mobile_phone",
      "reason": "key_exact",
      "score": 1.0,
      "coverage": 1.0
    },
    {
      "title": "Work Phone",
      "parsed_key": "work_phone",
      "section": "General",
      "matched_key": "work_phone",
      "reason": "key_exact",
      "score": 1.0,
      "coverage": 1.0
    },
    {
      "title": "Work Phone: Ext#",
      "parsed_key": "work_phone_ext",
      "section": "General",
      "matched_key": "work_phone",
      "reason": "alias_contains",
      "score": 0.93,
      "coverage": 1.0
    },
    {
      "title": "Marital Status",
      "parsed_key": "marital_status",
      "section": "General",
      "matched_key": "marital_status",
      "reason": "key_exact",
      "score": 1.0,
      "coverage": 1.0
    },
    {
      "title": "Email",
      "parsed_key": "email",
      "section": "General",
      "matched_key": "email",
      "reason": "key_exact",
      "score": 1.0,
      "coverage": 1.0
    },
    {
      "title": "Primary Insurance (Policy Holder)",
      "parsed_key": "primary_insurance_policy_holder__primary",
      "section": "Insurance",
      "matched_key": "insurance_id_number",
      "reason": "alias_contains",
      "score": 0.93,
      "coverage": 1.0
    },
    {
      "title": "Insurance Company",
      "parsed_key": "insurance_company",
      "section": "Insurance",
      "matched_key": "insurance_company",
      "reason": "key_exact",
      "score": 1.0,
      "coverage": 1.0
    },
    {
      "title": "State",
      "parsed_key": "state_2",
      "section": "Insurance",
      "matched_key": "state",
      "reason": "title_exact",
      "score": 0.85,
      "coverage": 1.0
    },
    {
      "title": "ID Number",
      "parsed_key": "id_number",
      "section": "Insurance",
      "matched_key": "insurance_id_number",
      "reason": "title_exact",
      "score": 0.95,
      "coverage": 1.0
    },
    {
      "title": "SSN",
      "parsed_key": "ssn_4",
      "section": "Insurance",
      "matched_key": "ssn",
      "reason": "alias_contains",
      "score": 0.8300000000000001,
      "coverage": 1.0
    },
    {
      "title": "Group Number",
      "parsed_key": "group_number",
      "section": "Insurance",
      "matched_key": "insurance_group_number",
      "reason": "title_exact",
      "score": 0.95,
      "coverage": 1.0
    },
    {
      "title": "Responsible Party Name",
      "parsed_key": "responsible_party_name",
      "section": "Insurance",
      "matched_key": "responsible_party_name",
      "reason": "key_exact",
      "score": 1.0,
      "coverage": 1.0
    },
    {
      "title": "Insured's Name",
      "parsed_key": "insureds_name",
      "section": "Insurance",
      "matched_key": "insurance_holder",
      "reason": "alias_exact",
      "score": 0.96,
      "coverage": 1.0
    },
    {
      "title": "State",
      "parsed_key": "state_3",
      "section": "Insurance",
      "matched_key": "state",
      "reason": "title_exact",
      "score": 0.85,
      "coverage": 1.0
    },
    {
      "title": "Signature",
      "parsed_key": "signature",
      "section": "Signature",
      "matched_key": "signature",
      "reason": "key_exact",
      "score": 1.0,
      "coverage": 1.0
    }
  ],
  "near_misses": [],
  "gates": [
    "rehome -> Patient Information :: Address",
    "rehome -> Patient Information :: City",
    "rehome -> Patient Information :: State",
    "rehome -> Patient Information :: Zip",
    "rehome -> Patient Information :: Mobile Phone",
    "rehome -> Patient Information :: Phone",
    "rehome -> Patient Information :: Work Phone",
    "rehome -> Patient Information :: Work Phone: Ext#",
    "rehome -> Patient Information :: Email",
    "duplicate_consolidation -> Removed duplicate work_phone_2 from Patient Information",
    "duplicate_consolidation -> Removed duplicate ssn_2 from Insurance",
    "malformed_grid_detected -> 'Local Anesthesia Sulfa Drugs Other...' with 3 options",
    "unique_title -> 'Name of Employer' → 'Name of Employer #2' (suffix)",
    "unique_title -> 'State' → 'State #3' (suffix)",
    "unique_title -> 'Name of Employer' → 'Name of Employer #4' (suffix)",
    "unique_title -> 'Please explain' → 'Have you ever been hospitalized/ - Please explain' (context)",
    "unique_title -> 'Please explain' → 'Have you ever had a - Please explain' (context)",
    "unique_title -> 'Please explain' → 'Are you taking any medications, - Please explain' (context)",
    "unique_title -> 'Please explain' → 'Do you have, or have - Please explain' (context)"
  ]
}