{
  "file": "npf1.modento.json",
  "total_items": 56,
  "reused_from_dictionary": 39,
  "reused_pct": 69.64285714285714,
  "counts_by_section": {
    "General": 14,
    "Patient Information": 20,
    "Emergency Contact": 1,
    "Insurance": 4,
    "Dental History": 13,
    "Medical History": 1,
    "Consent": 2,
    "Signature": 1
  },
  "counts_by_type": {
    "date": 4,
    "input": 38,
    "radio": 6,
    "states": 1,
    "dropdown": 5,
    "terms": 1,
    "block_signature": 1
  },
  "matches": [
    {
      "title": "Last Name",
      "parsed_key": "last_name",
      "section": "General",
      "matched_key": "last_name",
      "reason": "key_exact",
      "score": 1.0,
      "coverage": 1.0
    },
    {
      "title": "First Name",
      "parsed_key": "first_name",
      "section": "General",
      "matched_key": "first_name",
      "reason": "key_exact",
      "score": 1.0,
      "coverage": 1.0
    },
    {
      "title": "MI",
      "parsed_key": "mi",
      "section": "General",
      "matched_key": "mi",
      "reason": "key_exact",
      "score": 1.0,
      "coverage": 1.0
    },
    {
      "title": "Date of Birth",
      "parsed_key": "date_of_birth",
      "section": "General",
      "matched_key": "date_of_birth",
      "reason": "key_exact",
      "score": 1.0,
      "coverage": 1.0
    },
    {
      "title": "Sex",
      "parsed_key": "sex",
      "section": "General",
      "matched_key": "sex",
      "reason": "key_exact",
      "score": 1.0,
      "coverage": 1.0
    },
    {
      "title": "Marital Status",
      "parsed_key": "marital_status",
      "section": "General",
      "matched_key": "marital_status",
      "reason": "key_exact",
      "score": 1.0,
      "coverage": 1.0
    },
    {
      "title": "Address",
      "parsed_key": "address",
      "section": "General",
      "matched_key": "address",
      "reason": "key_exact",
      "score": 1.0,
      "coverage": 1.0
    },
    {
      "title": "SSN",
      "parsed_key": "ssn",
      "section": "General",
      "matched_key": "ssn",
      "reason": "key_exact",
      "score": 1.0,
      "coverage": 1.0
    },
    {
      "title": "City",
      "parsed_key": "city",
      "section": "General",
      "matched_key": "city",
      "reason": "key_exact",
      "score": 1.0,
      "coverage": 1.0
    },
    {
      "title": "State",
      "parsed_key": "state",
      "section": "General",
      "matched_key": "state",
      "reason": "key_exact",
      "score": 1.0,
      "coverage": 1.0
    },
    {
      "title": "Zip Code",
      "parsed_key": "zip_code",
      "section": "General",
      "matched_key": "zipcode",
      "reason": "alias_exact",
      "score": 0.96,
      "coverage": 1.0
    },
    {
      "title": "Email",
      "parsed_key": "email",
      "section": "General",
      "matched_key": "email",
      "reason": "key_exact",
      "score": 1.0,
      "coverage": 1.0
    },
    {
      "title": "Home Phone",
      "parsed_key": "home_phone",
      "section": "General",
      "matched_key": "home_phone",
      "reason": "key_exact",
      "score": 1.0,
      "coverage": 1.0
    },
    {
      "title": "Mobile Phone",
      "parsed_key": "mobile_phone",
      "section": "General",
      "matched_key": "mobile_phone",
      "reason": "key_exact",
      "score": 1.0,
      "coverage": 1.0
    },
    {
      "title": "Driver's License #",
      "parsed_key": "drivers_license",
      "section": "General",
      "matched_key": "drivers_license",
      "reason": "key_exact",
      "score": 1.0,
      "coverage": 1.0
    },
    {
      "title": "Employer",
      "parsed_key": "employer",
      "section": "General",
      "matched_key": "employer",
      "reason": "key_exact",
      "score": 1.0,
      "coverage": 1.0
    },
    {
      "title": "Work Phone",
      "parsed_key": "work_phone",
      "section": "General",
      "matched_key": "work_phone",
      "reason": "key_exact",
      "score": 1.0,
      "coverage": 1.0
    },
    {
      "title": "Occupation",
      "parsed_key": "occupation",
      "section": "General",
      "matched_key": "occupation",
      "reason": "key_exact",
      "score": 1.0,
      "coverage": 1.0
    },
    {
      "title": "Are you a full time student? Yes or No",
      "parsed_key": "are_you_a_full_time_student_yes_or_no",
      "section": "General",
      "matched_key": "full_time_student",
      "reason": "alias_contains",
      "score": 0.93,
      "coverage": 1.0
    },
    {
      "title": "Mother's DOB",
      "parsed_key": "mothers_dob",
      "section": "General",
      "matched_key": "mother_dob",
      "reason": "title_exact",
      "score": 0.95,
      "coverage": 1.0
    },
    {
      "title": "Father's DOB",
      "parsed_key": "fathers_dob",
      "section": "General",
      "matched_key": "father_dob",
      "reason": "title_exact",
      "score": 0.95,
      "coverage": 1.0
    },
    {
      "title": "Parent Name",
      "parsed_key": "parent_name",
      "section": "General",
      "matched_key": "parent_name",
      "reason": "key_exact",
      "score": 1.0,
      "coverage": 1.0
    },
    {
      "title": "Parent Employer",
      "parsed_key": "parent_employer",
      "section": "General",
      "matched_key": "parent_employer",
      "reason": "key_exact",
      "score": 1.0,
      "coverage": 1.0
    },
    {
      "title": "Parent Phone ( )",
      "parsed_key": "parent_phone",
      "section": "General",
      "matched_key": "parent_phone",
      "reason": "key_exact",
      "score": 1.0,
      "coverage": 1.0
    },
    {
      "title": "Responsible Party Name",
      "parsed_key": "responsible_party_name",
      "section": "General",
      "matched_key": "responsible_party_name",
      "reason": "key_exact",
      "score": 1.0,
      "coverage": 1.0
    },
    {
      "title": "Relationship",
      "parsed_key": "relationship",
      "section": "General",
      "matched_key": "emergency_relationship",
      "reason": "title_exact",
      "score": 0.95,
      "coverage": 1.0
    },
    {
      "title": "Reason for today's visit?",
      "parsed_key": "reason_for_todays_visit",
      "section": "General",
      "matched_key": "reason_for_visit",
      "reason": "title_exact",
      "score": 0.95,
      "coverage": 1.0
    },
    {
      "title": "Other Who can we thank for your visit?",
      "parsed_key": "other_who_can_we_thank_for_your_visit",
      "section": "General",
      "matched_key": "referred_by",
      "reason": "alias_contains",
      "score": 0.93,
      "coverage": 1.0
    },
    {
      "title": "Insured's Name",
      "parsed_key": "insureds_name",
      "section": "General",
      "matched_key": "insurance_holder",
      "reason": "alias_exact",
      "score": 0.86,
      "coverage": 1.0
    },
    {
      "title": "Date of Birth",
      "parsed_key": "date_of_birth_2",
      "section": "General",
      "matched_key": "date_of_birth",
      "reason": "title_exact",
      "score": 0.95,
      "coverage": 1.0
    },
    {
      "title": "Date of Birth",
      "parsed_key": "date_of_birth_3",
      "section": "General",
      "matched_key": "date_of_birth",
      "reason": "title_exact",
      "score": 0.95,
      "coverage": 1.0
    },
    {
      "title": "DOB",
      "parsed_key": "dob",
      "section": "General",
      "matched_key": "date_of_birth",
      "reason": "title_exact",
      "score": 0.95,
      "coverage": 1.0
    },
    {
      "title": "Address",
      "parsed_key": "address_2",
      "section": "Insurance",
      "matched_key": "address",
      "reason": "title_exact",
      "score": 0.85,
      "coverage": 1.0
    },
    {
      "title": "SSN",
      "parsed_key": "ssn_3",
      "section": "Insurance",
      "matched_key": "ssn",
      "reason": "alias_contains",
      "score": 0.8300000000000001,
      "coverage": 1.0
    },
    {
      "title": "Group #",
      "parsed_key": "group",
      "section": "Insurance",
      "matched_key": "insurance_group_number",
      "reason": "alias_exact",
      "score": 0.96,
      "coverage": 1.0
    },
    {
      "title": "Local #",
      "parsed_key": "local",
      "section": "Insurance",
      "matched_key": "insurance_local_number",
      "reason": "alias_exact",
      "score": 0.96,
      "coverage": 1.0
    },
    {
      "title": "Address",
      "parsed_key": "address_5",
      "section": "Dental History",
      "matched_key": "address",
      "reason": "title_exact",
      "score": 0.95,
      "coverage": 1.0
    },
    {
      "title": "SSN",
      "parsed_key": "ssn_6",
      "section": "Dental History",
      "matched_key": "ssn",
      "reason": "alias_contains",
      "score": 0.93,
      "coverage": 1.0
    },
    {
      "title": "Signature",
      "parsed_key": "signature",
      "section": "Signature",
      "matched_key": "signature",
      "reason": "key_exact",
      "score": 1.0,
      "coverage": 1.0
    }
  ],
  "near_misses": [],
  "gates": [
    "rehome -> Patient Information :: Last Name",
    "rehome -> Patient Information :: First Name",
    "rehome -> Patient Information :: MI",
    "rehome -> Patient Information :: Date of Birth",
    "rehome -> Patient Information :: Address",
    "rehome -> Patient Information :: City",
    "rehome -> Patient Information :: State",
    "rehome -> Patient Information :: Zip Code",
    "rehome -> Patient Information :: Email",
    "rehome -> Patient Information :: Home Phone",
    "rehome -> Patient Information :: Phone",
    "rehome -> Patient Information :: Mobile Phone",
    "rehome -> Patient Information :: Driver's License #",
    "rehome -> Patient Information :: Employer",
    "rehome -> Patient Information :: Work Phone",
    "rehome -> Patient Information :: Occupation",
    "rehome -> Patient Information :: Parent Name",
    "rehome -> Patient Information :: Parent SSN",
    "rehome -> Patient Information :: Parent Employer",
    "rehome -> Patient Information :: Parent Phone ( )",
    "rehome -> Insurance :: Insured's Name Insured's Name",
    "rehome -> Insurance :: Insured's Name",
    "rehome -> Patient Information :: Date of Birth",
    "rehome -> Patient Information :: Date of Birth",
    "rehome -> Patient Information :: DOB",
    "rehome -> Patient Information :: Address",
    "rehome -> Patient Information :: Phone",
    "duplicate_consolidation -> Removed duplicate date_of_birth_2 from Patient Information",
    "duplicate_consolidation -> Removed duplicate date_of_birth_3 from Patient Information",
    "duplicate_consolidation -> Removed duplicate date_of_birth_4 from Patient Information",
    "duplicate_consolidation -> Removed address_2 from Insurance, kept address in Patient Information",
    "duplicate_consolidation -> Removed duplicate ssn_2 from Insurance",
    "duplicate_consolidation -> Removed duplicate address_3 from Patient Information",
    "duplicate_consolidation -> Removed duplicate ssn_3 from Dental History",
    "duplicate_consolidation -> Removed duplicate phone_4 from Patient Information",
    "overflow_title_cleaned -> 'For completion by dentist only | Additional Comments' → 'For completion by dentist only | Additional'"
  ]
}