{
  "file": "Chicago-Dental-Solutions_Form.modento.json",
  "total_items": 39,
  "reused_from_dictionary": 10,
  "reused_pct": 25.64102564102564,
  "counts_by_section": {
    "Patient Information": 4,
    "General": 6,
    "Dental History": 23,
    "Insurance": 5,
    "Signature": 1
  },
  "counts_by_type": {
    "input": 17,
    "radio": 14,
    "dropdown": 7,
    "block_signature": 1
  },
  "matches": [
    {
      "title": "Mobile Phone",
      "parsed_key": "mobile_phone",
      "section": "General",
      "matched_key": "mobile_phone",
      "reason": "key_exact",
      "score": 1.0,
      "coverage": 1.0
    },
    {
      "title": "SSN",
      "parsed_key": "ssn",
      "section": "General",
      "matched_key": "ssn",
      "reason": "key_exact",
      "score": 1.0,
      "coverage": 1.0
    },
    {
      "title": "Gender",
      "parsed_key": "gender",
      "section": "General",
      "matched_key": "sex",
      "reason": "title_exact",
      "score": 0.475,
      "coverage": 1.0
    },
    {
      "title": "Marital Status",
      "parsed_key": "marital_status",
      "section": "General",
      "matched_key": "marital_status",
      "reason": "key_exact",
      "score": 1.0,
      "coverage": 1.0
    },
    {
      "title": "Email",
      "parsed_key": "email",
      "section": "General",
      "matched_key": "email",
      "reason": "key_exact",
      "score": 1.0,
      "coverage": 1.0
    },
    {
      "title": "Address",
      "parsed_key": "address",
      "section": "General",
      "matched_key": "address",
      "reason": "key_exact",
      "score": 1.0,
      "coverage": 1.0
    },
    {
      "title": "I was Referred by",
      "parsed_key": "i_was_referred_by",
      "section": "Dental History",
      "matched_key": "referred_by",
      "reason": "alias_contains",
      "score": 0.93,
      "coverage": 1.0
    },
    {
      "title": "Primary Insurance (Policy Holder)",
      "parsed_key": "primary_insurance_policy_holder__primary",
      "section": "Insurance",
      "matched_key": "insurance_id_number",
      "reason": "alias_contains",
      "score": 0.93,
      "coverage": 1.0
    },
    {
      "title": "Insured's Name",
      "parsed_key": "insureds_name",
      "section": "General",
      "matched_key": "insurance_holder",
      "reason": "alias_exact",
      "score": 0.86,
      "coverage": 1.0
    },
    {
      "title": "Signature",
      "parsed_key": "signature",
      "section": "Signature",
      "matched_key": "signature",
      "reason": "key_exact",
      "score": 1.0,
      "coverage": 1.0
    }
  ],
  "near_misses": [],
  "gates": [
    "rehome -> Patient Information :: Mobile Phone",
    "rehome -> Patient Information :: Phone",
    "rehome -> Patient Information :: Email",
    "rehome -> Patient Information :: Address",
    "rehome -> Insurance :: Relationship to Insurance holder",
    "rehome -> Insurance :: Insured's Name",
    "rehome -> Insurance :: Relationship to Insurance holder"
  ]
}