[
  {
    "key": "mobile_phone",
    "type": "input",
    "title": "Mobile Phone",
    "control": {
      "hint": null,
      "input_type": "phone",
      "phone_prefix": "+1"
    },
    "section": "Patient Information",
    "optional": false
  },
  {
    "key": "phone",
    "title": "Phone",
    "section": "Patient Information",
    "optional": false,
    "type": "input",
    "control": {
      "input_type": "phone"
    }
  },
  {
    "key": "ssn",
    "type": "input",
    "title": "SSN",
    "control": {
      "hint": null,
      "input_type": "ssn"
    },
    "section": "General",
    "optional": false
  },
  {
    "key": "age",
    "title": "Age",
    "section": "General",
    "optional": false,
    "type": "input",
    "control": {
      "input_type": "text"
    }
  },
  {
    "key": "sex",
    "type": "radio",
    "title": "Gender",
    "control": {
      "options": [
        {
          "name": "Male",
          "value": "male"
        },
        {
          "name": "Female",
          "value": "female"
        },
        {
          "name": "Other",
          "value": "other"
        },
        {
          "name": "Prefer not to self identify",
          "value": "not_say"
        }
      ]
    },
    "section": "General",
    "optional": false
  },
  {
    "key": "marital_status",
    "type": "radio",
    "title": "Marital Status",
    "control": {
      "options": [
        {
          "name": "Single",
          "value": "single"
        },
        {
          "name": "Married",
          "value": "married"
        },
        {
          "name": "Widowed",
          "value": "widowed"
        },
        {
          "name": "Divorced",
          "value": "divorced"
        },
        {
          "name": "Prefer not to say",
          "value": "not say"
        }
      ]
    },
    "section": "General",
    "optional": false
  },
  {
    "key": "email",
    "type": "input",
    "title": "Email",
    "control": {
      "hint": "joe@example.com",
      "input_type": "email"
    },
    "section": "Patient Information",
    "optional": false
  },
  {
    "key": "address",
    "type": "input",
    "title": "Address",
    "control": {
      "hint": "Street Address, Apt#",
      "input_type": "name"
    },
    "section": "Patient Information",
    "optional": false
  },
  {
    "key": "how_did_you_hear_about_us",
    "title": "How did you hear about us?",
    "section": "Dental History",
    "optional": false,
    "type": "dropdown",
    "control": {
      "options": [
        {
          "name": "I live/work in area",
          "value": "i_livework_in_area"
        },
        {
          "name": "Google",
          "value": "google"
        },
        {
          "name": "Yelp",
          "value": "yelp"
        },
        {
          "name": "Social Media",
          "value": "social_media"
        }
      ],
      "multi": true
    }
  },
  {
    "if": [
      {
        "key": "referrer",
        "value": "Friend/Family"
      }
    ],
    "key": "referred_by",
    "type": "input",
    "title": "I was Referred by",
    "control": {
      "hint": null,
      "input_type": "name"
    },
    "section": "Dental History",
    "optional": false
  },
  {
    "key": "other",
    "title": "Other",
    "section": "Dental History",
    "optional": false,
    "type": "dropdown",
    "control": {
      "options": [
        {
          "name": "Other",
          "value": "other"
        }
      ],
      "multi": true
    }
  },
  {
    "key": "no_dental_insurance",
    "title": "No Dental Insurance",
    "section": "Insurance",
    "optional": false,
    "type": "dropdown",
    "control": {
      "options": [
        {
          "name": "No Dental Insurance",
          "value": "no_dental_insurance"
        }
      ],
      "multi": true
    }
  },
  {
    "if": [
      {
        "key": "insurance_has",
        "value": true
      }
    ],
    "key": "insurance_id_number",
    "type": "input",
    "title": "Primary Insurance (Policy Holder)",
    "control": {
      "hint": null,
      "input_type": "name"
    },
    "section": "Insurance",
    "optional": false
  },
  {
    "key": "relationship_to_insurance_holder",
    "title": "Relationship to Insurance holder",
    "section": "Insurance",
    "optional": false,
    "type": "radio",
    "control": {
      "options": [
        {
          "name": "Self",
          "value": "self"
        },
        {
          "name": "Parent",
          "value": "parent"
        },
        {
          "name": "Child",
          "value": "child"
        },
        {
          "name": "Spouse",
          "value": "spouse"
        },
        {
          "name": "Other",
          "value": "other"
        }
      ]
    }
  },
  {
    "key": "responsible_party_name",
    "title": "Responsible Party Name",
    "section": "General",
    "optional": false,
    "type": "input",
    "control": {
      "input_type": "text"
    }
  },
  {
    "if": [
      {
        "key": "insurance_has",
        "value": true
      },
      {
        "op": "!=",
        "key": "insurance_relationship",
        "value": "self"
      },
      {
        "op": "!=",
        "key": "insurance_relationship",
        "value": null
      }
    ],
    "key": "insurance_holder",
    "type": "input",
    "title": "Insured's Name",
    "control": {
      "hint": "Full name of an insurance subscriber",
      "input_type": "name"
    },
    "section": "Insurance",
    "optional": false
  },
  {
    "key": "relationship_to_insurance_holder_2",
    "title": "Relationship to Insurance holder",
    "section": "Insurance",
    "optional": false,
    "type": "radio",
    "control": {
      "options": [
        {
          "name": "Self",
          "value": "self"
        },
        {
          "name": "Parent",
          "value": "parent"
        },
        {
          "name": "Child",
          "value": "child"
        },
        {
          "name": "Spouse",
          "value": "spouse"
        },
        {
          "name": "Other",
          "value": "other"
        }
      ]
    }
  },
  {
    "key": "although_dental_professionals_primarily_treat_the_area_around_th",
    "title": "Terms",
    "section": "Consent",
    "optional": false,
    "type": "terms",
    "control": {
      "agree_text": "I have read and agree to the terms.",
      "html_text": "Although dental professionals primarily treat the area around the mouth, your mouth is a part of your entire body. Health problems that you may have, or medication that you may be taking, could have an important interrelationship with the dentistry you will receive. Thank you for answering the following questions."
    }
  },
  {
    "key": "are_you_under_a_physicians_care_now",
    "title": "Are you under a physician's care now?",
    "section": "Dental History",
    "optional": false,
    "type": "radio",
    "control": {
      "options": [
        {
          "name": "Yes",
          "value": true
        },
        {
          "name": "No",
          "value": false
        }
      ]
    }
  },
  {
    "key": "are_you_under_a_physicians_care_now_explanation",
    "title": "Please explain",
    "section": "Dental History",
    "optional": false,
    "type": "input",
    "control": {
      "input_type": "text",
      "hint": "Please provide details"
    },
    "if": [
      {
        "key": "are_you_under_a_physicians_care_now",
        "value": "yes"
      }
    ]
  },
  {
    "key": "have_you_ever_been_hospitalized_had_major_surgery",
    "title": "Have you ever been hospitalized/ had major surgery?",
    "section": "Dental History",
    "optional": false,
    "type": "radio",
    "control": {
      "options": [
        {
          "name": "Yes",
          "value": true
        },
        {
          "name": "No",
          "value": false
        }
      ]
    }
  },
  {
    "key": "have_you_ever_had_a_serious_head_neck_injury",
    "title": "Have you ever had a serious head/ neck injury?",
    "section": "Dental History",
    "optional": false,
    "type": "radio",
    "control": {
      "options": [
        {
          "name": "Yes",
          "value": true
        },
        {
          "name": "No",
          "value": false
        }
      ]
    }
  },
  {
    "key": "are_you_taking_any_medications_pills_or_drugs",
    "title": "Are you taking any medications, pills or drugs?",
    "section": "Dental History",
    "optional": false,
    "type": "radio",
    "control": {
      "options": [
        {
          "name": "Yes",
          "value": true
        },
        {
          "name": "No",
          "value": false
        }
      ]
    }
  },
  {
    "key": "do_you_take_or_have_you_taken_phen-fen_or_redux",
    "title": "Do you take, or have you taken, Phen-Fen or Redux?",
    "section": "Dental History",
    "optional": false,
    "type": "radio",
    "control": {
      "options": [
        {
          "name": "Yes",
          "value": true
        },
        {
          "name": "No",
          "value": false
        }
      ]
    }
  },
  {
    "key": "have_you_ever_taken_fosamax_boniva_actonel",
    "title": "Have you ever taken Fosamax, Boniva, Actonel/",
    "section": "Dental History",
    "optional": false,
    "type": "radio",
    "control": {
      "options": [
        {
          "name": "Yes",
          "value": true
        },
        {
          "name": "No",
          "value": false
        }
      ]
    }
  },
  {
    "key": "are_you_on_a_special_diet",
    "title": "Are you on a special diet?",
    "section": "Dental History",
    "optional": false,
    "type": "radio",
    "control": {
      "options": [
        {
          "name": "Yes",
          "value": true
        },
        {
          "name": "No",
          "value": false
        }
      ]
    }
  },
  {
    "key": "do_you_use_tobacco",
    "title": "Do you use tobacco?",
    "section": "Dental History",
    "optional": false,
    "type": "radio",
    "control": {
      "options": [
        {
          "name": "Yes",
          "value": true
        },
        {
          "name": "No",
          "value": false
        }
      ]
    }
  },
  {
    "key": "do_you_use_controlled_substances",
    "title": "Do you use controlled substances?",
    "section": "Dental History",
    "optional": false,
    "type": "radio",
    "control": {
      "options": [
        {
          "name": "Yes",
          "value": true
        },
        {
          "name": "No",
          "value": false
        }
      ]
    }
  },
  {
    "key": "women_are_you",
    "title": "Women are you",
    "section": "Dental History",
    "optional": false,
    "type": "dropdown",
    "control": {
      "options": [
        {
          "name": "Pregnant",
          "value": "pregnant"
        },
        {
          "name": "Trying to get pregnant",
          "value": "trying_to_get_pregnant"
        },
        {
          "name": "Nursing",
          "value": "nursing"
        },
        {
          "name": "Taking oral contraceptives",
          "value": "taking_oral_contraceptives"
        }
      ],
      "multi": true
    }
  },
  {
    "key": "are_you_allergic_to_any_of_the_following",
    "title": "Are you allergic to any of the following",
    "section": "Dental History",
    "optional": false,
    "type": "dropdown",
    "control": {
      "options": [
        {
          "name": "Aspirin",
          "value": "aspirin"
        },
        {
          "name": "Penicillin",
          "value": "penicillin"
        },
        {
          "name": "Codeine",
          "value": "codeine"
        },
        {
          "name": "Acrylic",
          "value": "acrylic"
        },
        {
          "name": "Metal",
          "value": "metal"
        },
        {
          "name": "Latex",
          "value": "latex"
        }
      ],
      "multi": true
    }
  },
  {
    "key": "local_anesthesia_sulfa_drugs_other",
    "title": "Local Anesthesia Sulfa Drugs Other",
    "section": "Dental History",
    "optional": false,
    "type": "dropdown",
    "control": {
      "options": [
        {
          "name": "Local Anesthesia",
          "value": "local_anesthesia"
        },
        {
          "name": "Sulfa Drugs",
          "value": "sulfa_drugs"
        },
        {
          "name": "Other",
          "value": "other"
        }
      ],
      "multi": true
    }
  },
  {
    "key": "do_you_have_or_have_you_had_any_of_the_following",
    "title": "Do you have, or have you had, any of the following?",
    "section": "Dental History",
    "optional": false,
    "type": "dropdown",
    "control": {
      "options": [
        {
          "name": "AIDS/HIV Positive",
          "value": "aidshiv_positive"
        },
        {
          "name": "Chest Pains",
          "value": "chest_pains"
        },
        {
          "name": "Frequent Headaches",
          "value": "frequent_headaches"
        },
        {
          "name": "Hypoglycemia",
          "value": "hypoglycemia"
        },
        {
          "name": "Rheurnatism",
          "value": "rheurnatism"
        },
        {
          "name": "Alzheimer's Disease",
          "value": "alzheimers_disease"
        },
        {
          "name": "Cold Sores/Fever Blisters",
          "value": "cold_soresfever_blisters"
        },
        {
          "name": "Genital Herpes",
          "value": "genital_herpes"
        },
        {
          "name": "rregular Heartbeat",
          "value": "rregular_heartbeat"
        },
        {
          "name": "Scarlet Fever",
          "value": "scarlet_fever"
        },
        {
          "name": "Anaphylaxis",
          "value": "anaphylaxis"
        },
        {
          "name": "Congenital Heart Disorder",
          "value": "congenital_heart_disorder"
        },
        {
          "name": "Glaucoma",
          "value": "glaucoma"
        },
        {
          "name": "Kidney Problems",
          "value": "kidney_problems"
        },
        {
          "name": "Shingles",
          "value": "shingles"
        },
        {
          "name": "Sickle Cell Disease",
          "value": "sickle_cell_disease"
        },
        {
          "name": "Sinus Trouble",
          "value": "sinus_trouble"
        },
        {
          "name": "Angina",
          "value": "angina"
        },
        {
          "name": "Cortisone Medicine",
          "value": "cortisone_medicine"
        },
        {
          "name": "Heart Attack/Failure",
          "value": "heart_attackfailure"
        },
        {
          "name": "Liver Disease",
          "value": "liver_disease"
        },
        {
          "name": "Spina Bifida",
          "value": "spina_bifida"
        },
        {
          "name": "Arthritis/Gout",
          "value": "arthritisgout"
        },
        {
          "name": "Diabetes",
          "value": "diabetes"
        },
        {
          "name": "Heart Murmur",
          "value": "heart_murmur"
        },
        {
          "name": "Low Blood Pressure",
          "value": "low_blood_pressure"
        },
        {
          "name": "Stomach/Intestinal",
          "value": "stomachintestinal"
        },
        {
          "name": "Artificial Heart Valve",
          "value": "artificial_heart_valve"
        },
        {
          "name": "Drug Addiction",
          "value": "drug_addiction"
        },
        {
          "name": "Heart Pacemaker",
          "value": "heart_pacemaker"
        },
        {
          "name": "Mitral Valve Prolapse Disease",
          "value": "mitral_valve_prolapse_disease"
        },
        {
          "name": "Artificial Joint",
          "value": "artificial_joint"
        },
        {
          "name": "Easily Winded",
          "value": "easily_winded"
        },
        {
          "name": "Heart Trouble/Disease",
          "value": "heart_troubledisease"
        },
        {
          "name": "Osteoporosis",
          "value": "osteoporosis"
        },
        {
          "name": "Stroke",
          "value": "stroke"
        },
        {
          "name": "Asthma",
          "value": "asthma"
        },
        {
          "name": "Emphysema",
          "value": "emphysema"
        },
        {
          "name": "Hemophilia",
          "value": "hemophilia"
        },
        {
          "name": "Pain in Jaw Joints",
          "value": "pain_in_jaw_joints"
        },
        {
          "name": "Swelling of Limbs",
          "value": "swelling_of_limbs"
        },
        {
          "name": "Hepatitis A",
          "value": "hepatitis_a"
        },
        {
          "name": "Parathyroid Disease",
          "value": "parathyroid_disease"
        },
        {
          "name": "Thyroid Disease",
          "value": "thyroid_disease"
        },
        {
          "name": "Blood Blood Transfusion Disease",
          "value": "blood_blood_transfusion_disease"
        },
        {
          "name": "Epilepsy/ Excessive Seizers Bleeding",
          "value": "epilepsy_excessive_seizers_bleeding"
        },
        {
          "name": "Herpes",
          "value": "herpes"
        },
        {
          "name": "Psychiatric Care",
          "value": "psychiatric_care"
        },
        {
          "name": "Tonsillitis",
          "value": "tonsillitis"
        },
        {
          "name": "Breathing Problem",
          "value": "breathing_problem"
        },
        {
          "name": "Excessive Thirst",
          "value": "excessive_thirst"
        },
        {
          "name": "High Blood Pressure",
          "value": "high_blood_pressure"
        },
        {
          "name": "Radiation Treatments",
          "value": "radiation_treatments"
        },
        {
          "name": "Tuberculosis Tumors/Growths",
          "value": "tuberculosis_tumorsgrowths"
        },
        {
          "name": "Bruise Easily",
          "value": "bruise_easily"
        },
        {
          "name": "Fainting/Dizzy Spells",
          "value": "faintingdizzy_spells"
        },
        {
          "name": "High Cholesterol",
          "value": "high_cholesterol"
        },
        {
          "name": "Recent Weight Loss",
          "value": "recent_weight_loss"
        },
        {
          "name": "Ulcers",
          "value": "ulcers"
        },
        {
          "name": "Cancer",
          "value": "cancer"
        },
        {
          "name": "Frequent Cough",
          "value": "frequent_cough"
        },
        {
          "name": "Hives/Rash",
          "value": "hivesrash"
        },
        {
          "name": "Renal Dialyses",
          "value": "renal_dialyses"
        },
        {
          "name": "Venereal Disease",
          "value": "venereal_disease"
        },
        {
          "name": "Chemotherapy",
          "value": "chemotherapy"
        },
        {
          "name": "Frequent Diarrhea",
          "value": "frequent_diarrhea"
        },
        {
          "name": "Hypoglycemia",
          "value": "hypoglycemia"
        },
        {
          "name": "Rheumatic Fever",
          "value": "rheumatic_fever"
        },
        {
          "name": "Yellow Jaundice",
          "value": "yellow_jaundice"
        }
      ],
      "multi": true
    }
  },
  {
    "key": "have_you_had_any_serious_illness_not_listed_above",
    "title": "Have you had any serious illness not listed above?",
    "section": "Dental History",
    "optional": false,
    "type": "radio",
    "control": {
      "options": [
        {
          "name": "Yes",
          "value": true
        },
        {
          "name": "No",
          "value": false
        }
      ]
    }
  },
  {
    "key": "to_the_best_of_my_knowledge_the_questions_on_this_form_have_been",
    "title": "Terms",
    "section": "Consent",
    "optional": false,
    "type": "terms",
    "control": {
      "agree_text": "I have read and agree to the terms.",
      "html_text": "To the best of my knowledge, the questions on this form have been accurately answered. I understand that providing incorrect information can be dangerous to my (or professionals) health. It is my responsibility to inform the dental official of any changes in medical status."
    }
  },
  {
    "key": "signature",
    "type": "block_signature",
    "title": "Signature",
    "control": {
      "language": "en",
      "variant": "adult_no_guardian_details"
    },
    "section": "Signature",
    "optional": false
  }
]