{
  "file": "Chicago-Dental-Solutions_Form.modento.json",
  "total_items": 11,
  "reused_from_dictionary": 1,
  "reused_pct": 9.090909090909092,
  "counts_by_section": {
    "Medical History": 2,
    "General": 7,
    "Signature": 1,
    "Patient Information": 1
  },
  "counts_by_type": {
    "radio": 7,
    "input": 3,
    "block_signature": 1
  },
  "matches": [
    {
      "title": "Signature",
      "parsed_key": "signature",
      "section": "Signature",
      "matched_key": "signature",
      "reason": "key_exact",
      "score": 1.0,
      "coverage": 1.0
    }
  ],
  "near_misses": [],
  "gates": [
    "rehome -> Patient Information :: Signature of Patient, Parent or Guardian:___________________________________________________________ Date:______________",
    "section_inference -> Medical History :: Have you ever been hospitalized/ had major surgery? (score=2)",
    "section_inference -> Medical History :: Are you taking any medications, pills or drugs? (score=2)"
  ]
}