[
  {
    "key": "have_you_ever_been_hospitalized_had_major_surgery",
    "title": "Have you ever been hospitalized/ had major surgery?",
    "section": "Medical History",
    "optional": false,
    "type": "radio",
    "control": {
      "options": [
        {
          "name": "Yes",
          "value": true
        },
        {
          "name": "No",
          "value": false
        }
      ]
    }
  },
  {
    "key": "have_you_ever_had_a_serious_head_neck_injury",
    "title": "Have you ever had a serious head/ neck injury?",
    "section": "General",
    "optional": false,
    "type": "radio",
    "control": {
      "options": [
        {
          "name": "Yes",
          "value": true
        },
        {
          "name": "No",
          "value": false
        }
      ]
    }
  },
  {
    "key": "are_you_taking_any_medications_pills_or_drugs",
    "title": "Are you taking any medications, pills or drugs?",
    "section": "Medical History",
    "optional": false,
    "type": "radio",
    "control": {
      "options": [
        {
          "name": "Yes",
          "value": true
        },
        {
          "name": "No",
          "value": false
        }
      ]
    }
  },
  {
    "key": "do_you_take_or_have_you_taken_phen-fen_or_redux",
    "title": "Do you take, or have you taken, Phen-Fen or Redux?",
    "section": "General",
    "optional": false,
    "type": "radio",
    "control": {
      "options": [
        {
          "name": "Yes",
          "value": true
        },
        {
          "name": "No",
          "value": false
        }
      ]
    }
  },
  {
    "key": "have_you_ever_taken_fosamax_boniva_actonel_other_medications_con",
    "title": "Have you ever taken Fosamax, Boniva, Actonel/ other medications containing bisphosphonates?",
    "section": "General",
    "optional": false,
    "type": "radio",
    "control": {
      "options": [
        {
          "name": "Yes",
          "value": true
        },
        {
          "name": "No",
          "value": false
        }
      ]
    }
  },
  {
    "key": "do_you_have_or_have_you_had_any_of_the_following",
    "title": "Do you have, or have you had, any of the following?",
    "section": "General",
    "optional": false,
    "type": "input",
    "control": {
      "input_type": "text"
    }
  },
  {
    "key": "have_you_had_any_serious_illness_not_listed_above",
    "title": "Have you had any serious illness not listed above?",
    "section": "General",
    "optional": false,
    "type": "radio",
    "control": {
      "options": [
        {
          "name": "Yes",
          "value": true
        },
        {
          "name": "No",
          "value": false
        }
      ]
    }
  },
  {
    "key": "signature",
    "type": "block_signature",
    "title": "Signature",
    "control": {
      "language": "en",
      "variant": "adult_no_guardian_details"
    },
    "section": "Signature",
    "optional": false
  },
  {
    "key": "signature_of_patient_parent_or_guardian_date",
    "title": "Signature of Patient, Parent or Guardian:___________________________________________________________ Date:______________",
    "section": "Patient Information",
    "optional": false,
    "type": "radio",
    "control": {
      "options": [
        {
          "name": "Yes",
          "value": true
        },
        {
          "name": "No",
          "value": false
        }
      ]
    }
  },
  {
    "key": "aidshiv_positive",
    "title": "!AIDS/HIV Positive",
    "section": "General",
    "optional": false,
    "type": "input",
    "control": {
      "input_type": "text"
    }
  },
  {
    "key": "alzheimers_disease",
    "title": "!Alzheimer’s Disease",
    "section": "General",
    "optional": false,
    "type": "input",
    "control": {
      "input_type": "text"
    }
  }
]