{
  "file": "npf.modento.json",
  "total_items": 13,
  "reused_from_dictionary": 13,
  "reused_pct": 100.0,
  "counts_by_section": {
    "Insurance": 10,
    "Dental History": 1,
    "Consent": 1,
    "Signature": 1
  },
  "counts_by_type": {
    "input": 8,
    "states": 2,
    "radio": 1,
    "terms": 1,
    "block_signature": 1
  },
  "matches": [
    {
      "title": "Insured's Name",
      "parsed_key": "insureds_name",
      "section": "Insurance",
      "matched_key": "insurance_holder",
      "reason": "alias_exact",
      "score": 0.96,
      "coverage": 1.0
    },
    {
      "title": "SSN",
      "parsed_key": "ssn",
      "section": "Insurance",
      "matched_key": "ssn",
      "reason": "key_exact",
      "score": 1.0,
      "coverage": 1.0
    },
    {
      "title": "Address",
      "parsed_key": "address",
      "section": "Insurance",
      "matched_key": "address",
      "reason": "key_exact",
      "score": 1.0,
      "coverage": 1.0
    },
    {
      "title": "City",
      "parsed_key": "city",
      "section": "Insurance",
      "matched_key": "city",
      "reason": "key_exact",
      "score": 1.0,
      "coverage": 1.0
    },
    {
      "title": "State",
      "parsed_key": "state",
      "section": "Insurance",
      "matched_key": "state",
      "reason": "key_exact",
      "score": 1.0,
      "coverage": 1.0
    },
    {
      "title": "Zipcode",
      "parsed_key": "zipcode",
      "section": "Insurance",
      "matched_key": "zipcode",
      "reason": "key_exact",
      "score": 1.0,
      "coverage": 1.0
    },
    {
      "title": "ID Number",
      "parsed_key": "id_number",
      "section": "Dental History",
      "matched_key": "insurance_id_number",
      "reason": "title_exact",
      "score": 0.85,
      "coverage": 1.0
    },
    {
      "title": "Relationship to Insured",
      "parsed_key": "relationship_to_insured",
      "section": "Dental History",
      "matched_key": "insurance_relationship",
      "reason": "alias_exact",
      "score": 0.86,
      "coverage": 1.0
    },
    {
      "title": "Relationship",
      "parsed_key": "relationship",
      "section": "Dental History",
      "matched_key": "emergency_relationship",
      "reason": "title_exact",
      "score": 0.95,
      "coverage": 1.0
    },
    {
      "title": "Insured's Name",
      "parsed_key": "insureds_name_2",
      "section": "Dental History",
      "matched_key": "insurance_holder",
      "reason": "alias_exact",
      "score": 0.86,
      "coverage": 1.0
    },
    {
      "title": "SSN",
      "parsed_key": "ssn_3",
      "section": "Dental History",
      "matched_key": "ssn",
      "reason": "alias_contains",
      "score": 0.93,
      "coverage": 1.0
    },
    {
      "title": "State",
      "parsed_key": "state_2",
      "section": "Insurance",
      "matched_key": "state",
      "reason": "title_exact",
      "score": 0.85,
      "coverage": 1.0
    },
    {
      "title": "Signature",
      "parsed_key": "signature",
      "section": "Signature",
      "matched_key": "signature",
      "reason": "key_exact",
      "score": 1.0,
      "coverage": 1.0
    }
  ],
  "near_misses": [],
  "gates": [
    "rehome -> Insurance :: ID Number",
    "rehome -> Insurance :: Relationship to Insured",
    "rehome -> Insurance :: Insured's Name",
    "duplicate_consolidation -> Removed duplicate ssn_2 from Dental History",
    "unique_title -> 'Insured's Name' → 'Insured's Name #2' (suffix)",
    "unique_title -> 'State' → 'State #2' (suffix)"
  ]
}