[
  {
    "key": "the_undersigned_hereby_authorizes_doctor_to_take_x-rays_study_mo",
    "title": "Terms",
    "section": "Consent",
    "optional": false,
    "type": "terms",
    "control": {
      "agree_text": "I have read and agree to the terms.",
      "html_text": "The undersigned hereby authorizes Doctor to take x-rays, study models, photographs, or any other diagnostic aids deemed appropriate by Doctor to make a thorough the use of anesthetic agents embodies a certain risk. I have read, understand and agree to the above terms and conditions. ________________________________________ ___________________________ __________ ______________________________________ Signature of Patient/Legal guardian"
    }
  },
  {
    "key": "for_completion_by_dentist_only_additional_comments",
    "title": "For completion by dentist only | Additional",
    "section": "Signature",
    "optional": false,
    "type": "input",
    "control": {
      "input_type": "text"
    }
  },
  {
    "key": "chemotherapy",
    "title": "Chemotherapy",
    "section": "General",
    "optional": false,
    "type": "dropdown",
    "control": {
      "options": [
        {
          "name": "Chemotherapy",
          "value": "chemotherapy"
        }
      ],
      "multi": true
    }
  },
  {
    "key": "radiation_therapy",
    "title": "Radiation Therapy",
    "section": "General",
    "optional": false,
    "type": "dropdown",
    "control": {
      "options": [
        {
          "name": "Radiation Therapy",
          "value": "radiation_therapy"
        }
      ],
      "multi": true
    }
  },
  {
    "key": "angina_chest_pain",
    "title": "Angina (chest pain)",
    "section": "General",
    "optional": false,
    "type": "dropdown",
    "control": {
      "options": [
        {
          "name": "Angina (chest pain)",
          "value": "angina_chest_pain"
        }
      ],
      "multi": true
    }
  },
  {
    "key": "artiﬁcial_heart_valve",
    "title": "Artiﬁcial Heart Valve",
    "section": "General",
    "optional": false,
    "type": "dropdown",
    "control": {
      "options": [
        {
          "name": "Artiﬁcial Heart Valve",
          "value": "artiﬁcial_heart_valve"
        }
      ],
      "multi": true
    }
  },
  {
    "key": "heart_conditions",
    "title": "Heart",
    "section": "General",
    "optional": false,
    "type": "dropdown",
    "control": {
      "options": [
        {
          "name": "Heart Conditions",
          "value": "heart_conditions"
        }
      ],
      "multi": true
    }
  },
  {
    "key": "heart_surgery",
    "title": "Heart Surgery",
    "section": "General",
    "optional": false,
    "type": "dropdown",
    "control": {
      "options": [
        {
          "name": "Heart Surgery",
          "value": "heart_surgery"
        }
      ],
      "multi": true
    }
  },
  {
    "key": "highlow_blood_pressure",
    "title": "High/Low Blood Pressure",
    "section": "General",
    "optional": false,
    "type": "dropdown",
    "control": {
      "options": [
        {
          "name": "High",
          "value": "high"
        }
      ],
      "multi": true
    }
  },
  {
    "key": "mitral_valve_prolapse",
    "title": "Mitral Valve Prolapse",
    "section": "Patient Information",
    "optional": false,
    "type": "dropdown",
    "control": {
      "options": [
        {
          "name": "Mitral Valve Prolapse",
          "value": "mitral_valve_prolapse"
        }
      ],
      "multi": true
    }
  },
  {
    "key": "pacemaker",
    "type": "radio",
    "title": "Pacemaker",
    "control": {
      "extra": {
        "hint": "Provide details",
        "type": "input",
        "value": true,
        "optional": true
      },
      "options": [
        {
          "name": "Yes",
          "value": true
        },
        {
          "name": "No",
          "value": false
        }
      ]
    },
    "section": "General",
    "optional": false
  },
  {
    "key": "rheumatic_fever",
    "title": "Rheumatic Fever",
    "section": "General",
    "optional": false,
    "type": "dropdown",
    "control": {
      "options": [
        {
          "name": "Rheumatic Fever",
          "value": "rheumatic_fever"
        }
      ],
      "multi": true
    }
  },
  {
    "key": "scarlet_fever",
    "title": "Scarlet Fever",
    "section": "General",
    "optional": false,
    "type": "dropdown",
    "control": {
      "options": [
        {
          "name": "Scarlet Fever",
          "value": "scarlet_fever"
        }
      ],
      "multi": true
    }
  },
  {
    "key": "stroke",
    "title": "Stroke",
    "section": "General",
    "optional": false,
    "type": "dropdown",
    "control": {
      "options": [
        {
          "name": "Stroke",
          "value": "stroke"
        }
      ],
      "multi": true
    }
  },
  {
    "key": "medical_history_-_please_mark_x_to_your_response_to_indicate_if_",
    "title": "Medical History - Please mark (x) to your response to indicate if you have or have had any of the following",
    "section": "General",
    "optional": false,
    "type": "input",
    "control": {
      "input_type": "text"
    }
  },
  {
    "key": "are_you_under_the_care_of_a_physician_y_or_n_if_yes_please_expla",
    "title": "Are you under the care of a physician? Y or N If yes, please explain ____________________________________________________________",
    "section": "General",
    "optional": false,
    "type": "input",
    "control": {
      "input_type": "text"
    }
  },
  {
    "key": "have_you_had_a_serious_illness_operation_or_hospitalization_in_t",
    "title": "Are you under the care - Please explain",
    "section": "Medical History",
    "optional": false,
    "type": "input",
    "control": {
      "input_type": "text"
    }
  },
  {
    "key": "are_you_taking_or_have_you_recently_taken_any_prescription_or_ov",
    "title": "Are you taking or have you recently taken any prescription or over the counter medicine(s)? Y or N If yes, please list all and why, including vitamins, natural or herbal supplements and/or dietary supplements _________________________________________________________",
    "section": "Medical History",
    "optional": false,
    "type": "input",
    "control": {
      "input_type": "text"
    }
  },
  {
    "key": "have_you_ever_in_the_past_or_are_you_now_currently_taking_any_me",
    "title": "Have you ever in the past, or are you now currently taking any medications for Osteopenia/Osteoporosis or Bone Disease?",
    "section": "Medical History",
    "optional": false,
    "type": "input",
    "control": {
      "input_type": "text"
    }
  },
  {
    "key": "if_so_please_list_medications",
    "title": "If so, please list medications: ___________________________________________________________________________",
    "section": "General",
    "optional": false,
    "type": "input",
    "control": {
      "input_type": "text"
    }
  },
  {
    "key": "have_you_ever_had_surgery",
    "title": "Have you ever had surgery?",
    "section": "General",
    "optional": false,
    "type": "input",
    "control": {
      "input_type": "text"
    }
  },
  {
    "key": "dental_history_cont_-_please_mark_x_any_of_the_following_conditi",
    "title": "Dental History Cont. - Please mark (x) any of the following conditions that apply to you",
    "section": "General",
    "optional": false,
    "type": "input",
    "control": {
      "input_type": "text"
    }
  },
  {
    "key": "discolored_teeth",
    "title": "Discolored teeth",
    "section": "General",
    "optional": false,
    "type": "dropdown",
    "control": {
      "options": [
        {
          "name": "Discolored teeth",
          "value": "discolored_teeth"
        }
      ],
      "multi": true
    }
  },
  {
    "key": "worn_teeth",
    "title": "Worn teeth",
    "section": "General",
    "optional": false,
    "type": "dropdown",
    "control": {
      "options": [
        {
          "name": "Worn teeth",
          "value": "worn_teeth"
        }
      ],
      "multi": true
    }
  },
  {
    "key": "mi",
    "type": "input",
    "title": "MI",
    "control": {
      "hint": null,
      "input_type": "name"
    },
    "section": "Patient Information",
    "optional": false
  },
  {
    "key": "ssn",
    "type": "input",
    "title": "SSN",
    "control": {
      "hint": null,
      "input_type": "ssn"
    },
    "section": "General",
    "optional": false
  },
  {
    "key": "crooked_teeth",
    "title": "Crooked teeth",
    "section": "General",
    "optional": false,
    "type": "dropdown",
    "control": {
      "options": [
        {
          "name": "Crooked teeth",
          "value": "crooked_teeth"
        }
      ],
      "multi": true
    }
  },
  {
    "key": "spaces",
    "title": "Spaces",
    "section": "General",
    "optional": false,
    "type": "dropdown",
    "control": {
      "options": [
        {
          "name": "Spaces",
          "value": "spaces"
        }
      ],
      "multi": true
    }
  },
  {
    "key": "overbite",
    "title": "Overbite",
    "section": "General",
    "optional": false,
    "type": "dropdown",
    "control": {
      "options": [
        {
          "name": "Overbite",
          "value": "overbite"
        }
      ],
      "multi": true
    }
  },
  {
    "key": "flat_teeth",
    "title": "Flat teeth",
    "section": "General",
    "optional": false,
    "type": "dropdown",
    "control": {
      "options": [
        {
          "name": "Flat teeth",
          "value": "flat_teeth"
        }
      ],
      "multi": true
    }
  },
  {
    "key": "sensitivity_hot_cold_sweet",
    "title": "Sensitivity (hot, cold, sweet)",
    "section": "General",
    "optional": false,
    "type": "dropdown",
    "control": {
      "options": [
        {
          "name": "Sensitivity (hot, cold, sweet)",
          "value": "sensitivity_hot_cold_sweet"
        }
      ],
      "multi": true
    }
  },
  {
    "key": "pressure",
    "title": "Pressure",
    "section": "General",
    "optional": false,
    "type": "dropdown",
    "control": {
      "options": [
        {
          "name": "Pressure",
          "value": "pressure"
        }
      ],
      "multi": true
    }
  },
  {
    "key": "broken_teethﬁllings",
    "title": "Broken teeth/ﬁllings",
    "section": "General",
    "optional": false,
    "type": "dropdown",
    "control": {
      "options": [
        {
          "name": "Broken teeth/ﬁllings",
          "value": "broken_teethﬁllings"
        }
      ],
      "multi": true
    }
  },
  {
    "key": "worn_teeth_2",
    "title": "Worn teeth #2",
    "section": "General",
    "optional": false,
    "type": "dropdown",
    "control": {
      "options": [
        {
          "name": "Worn teeth",
          "value": "worn_teeth"
        }
      ],
      "multi": true
    }
  },
  {
    "key": "dry_mouth",
    "title": "Dry Mouth",
    "section": "General",
    "optional": false,
    "type": "dropdown",
    "control": {
      "options": [
        {
          "name": "Dry Mouth",
          "value": "dry_mouth"
        }
      ],
      "multi": true
    }
  },
  {
    "key": "patient_name_print",
    "title": "Patient Name (print) ____________________",
    "section": "General",
    "optional": false,
    "type": "input",
    "control": {
      "input_type": "text"
    }
  },
  {
    "key": "grindingclenching",
    "title": "Grinding/Clenching",
    "section": "General",
    "optional": false,
    "type": "dropdown",
    "control": {
      "options": [
        {
          "name": "Grinding/Clenching",
          "value": "grindingclenching"
        }
      ],
      "multi": true
    }
  },
  {
    "key": "headaches",
    "title": "Headaches",
    "section": "General",
    "optional": false,
    "type": "dropdown",
    "control": {
      "options": [
        {
          "name": "Headaches",
          "value": "headaches"
        }
      ],
      "multi": true
    }
  },
  {
    "key": "jaw_pain_clicking",
    "type": "radio",
    "title": "Jaw Joint (TMJ) pain",
    "control": {
      "extra": {
        "hint": "Provide details",
        "type": "input",
        "value": true,
        "optional": true
      },
      "options": [
        {
          "name": "Yes",
          "value": true
        },
        {
          "name": "No",
          "value": false
        }
      ]
    },
    "section": "Dental History",
    "optional": false
  },
  {
    "key": "jaw_pain_clicking_2",
    "type": "radio",
    "title": "Jaw Joint (TMJ) clicking/popping",
    "control": {
      "extra": {
        "hint": "Provide details",
        "type": "input",
        "value": true,
        "optional": true
      },
      "options": [
        {
          "name": "Yes",
          "value": true
        },
        {
          "name": "No",
          "value": false
        }
      ]
    },
    "section": "Dental History",
    "optional": false
  },
  {
    "key": "bad_bite",
    "title": "Bad Bite",
    "section": "General",
    "optional": false,
    "type": "dropdown",
    "control": {
      "options": [
        {
          "name": "Bad Bite",
          "value": "bad_bite"
        }
      ],
      "multi": true
    }
  },
  {
    "key": "speech_impediment",
    "title": "Speech Impediment",
    "section": "General",
    "optional": false,
    "type": "dropdown",
    "control": {
      "options": [
        {
          "name": "Speech Impediment",
          "value": "speech_impediment"
        }
      ],
      "multi": true
    }
  },
  {
    "key": "mouth_breathing",
    "title": "Mouth Breathing",
    "section": "General",
    "optional": false,
    "type": "dropdown",
    "control": {
      "options": [
        {
          "name": "Mouth Breathing",
          "value": "mouth_breathing"
        }
      ],
      "multi": true
    }
  },
  {
    "key": "sore_muscles_neck_shoulders",
    "title": "Sore Muscles (neck, shoulders)",
    "section": "General",
    "optional": false,
    "type": "dropdown",
    "control": {
      "options": [
        {
          "name": "Sore Muscles (neck, shoulders)",
          "value": "sore_muscles_neck_shoulders"
        }
      ],
      "multi": true
    }
  },
  {
    "key": "diﬃculty_opening_or_closing",
    "title": "Diﬃculty Opening or Closing",
    "section": "General",
    "optional": false,
    "type": "dropdown",
    "control": {
      "options": [
        {
          "name": "Diﬃculty Opening or Closing",
          "value": "diﬃculty_opening_or_closing"
        }
      ],
      "multi": true
    }
  },
  {
    "key": "diﬃculty_chewing_on_either_side",
    "title": "Diﬃculty Chewing on either side",
    "section": "General",
    "optional": false,
    "type": "dropdown",
    "control": {
      "options": [
        {
          "name": "Diﬃculty Chewing on either side",
          "value": "diﬃculty_chewing_on_either_side"
        }
      ],
      "multi": true
    }
  },
  {
    "key": "bleeding_swollen_irritated_gums",
    "title": "Bleeding, Swollen, Irritated gums",
    "section": "Dental History",
    "optional": false,
    "type": "dropdown",
    "control": {
      "options": [
        {
          "name": "Bleeding, Swollen, Irritated gums",
          "value": "bleeding_swollen_irritated_gums"
        }
      ],
      "multi": true
    }
  },
  {
    "key": "bad_breath",
    "title": "Bad breath",
    "section": "General",
    "optional": false,
    "type": "dropdown",
    "control": {
      "options": [
        {
          "name": "Bad breath",
          "value": "bad_breath"
        }
      ],
      "multi": true
    }
  },
  {
    "key": "loose_tipped_shifting_teeth",
    "title": "Loose tipped, shifting teeth",
    "section": "General",
    "optional": false,
    "type": "dropdown",
    "control": {
      "options": [
        {
          "name": "Loose tipped, shifting teeth",
          "value": "loose_tipped_shifting_teeth"
        }
      ],
      "multi": true
    }
  },
  {
    "key": "previous_periogum_disease",
    "title": "Previous perio/gum disease",
    "section": "General",
    "optional": false,
    "type": "dropdown",
    "control": {
      "options": [
        {
          "name": "Previous perio/gum disease",
          "value": "previous_periogum_disease"
        }
      ],
      "multi": true
    }
  },
  {
    "key": "thumb_sucking",
    "title": "Thumb sucking",
    "section": "General",
    "optional": false,
    "type": "dropdown",
    "control": {
      "options": [
        {
          "name": "Thumb sucking",
          "value": "thumb_sucking"
        }
      ],
      "multi": true
    }
  },
  {
    "key": "nail-biting",
    "title": "Nail-biting",
    "section": "General",
    "optional": false,
    "type": "dropdown",
    "control": {
      "options": [
        {
          "name": "Nail",
          "value": "nail"
        }
      ],
      "multi": true
    }
  },
  {
    "key": "cheeklip_biting",
    "title": "Cheek/Lip biting",
    "section": "General",
    "optional": false,
    "type": "dropdown",
    "control": {
      "options": [
        {
          "name": "Cheek/Lip biting",
          "value": "cheeklip_biting"
        }
      ],
      "multi": true
    }
  },
  {
    "key": "chewing_on_iceforeign_objects",
    "title": "Chewing on ice/foreign objects",
    "section": "General",
    "optional": false,
    "type": "dropdown",
    "control": {
      "options": [
        {
          "name": "Chewing on ice/foreign objects",
          "value": "chewing_on_iceforeign_objects"
        }
      ],
      "multi": true
    }
  },
  {
    "key": "sleep_pattern_or_conditions",
    "title": "Sleep Pattern or",
    "section": "General",
    "optional": false,
    "type": "dropdown",
    "control": {
      "options": [
        {
          "name": "Sleep Apnea",
          "value": "sleep_apnea"
        }
      ],
      "multi": true
    }
  },
  {
    "key": "snoring",
    "title": "Snoring",
    "section": "General",
    "optional": false,
    "type": "dropdown",
    "control": {
      "options": [
        {
          "name": "Snoring",
          "value": "snoring"
        }
      ],
      "multi": true
    }
  },
  {
    "key": "daytime_drowsiness",
    "title": "Daytime Drowsiness",
    "section": "General",
    "optional": false,
    "type": "dropdown",
    "control": {
      "options": [
        {
          "name": "Daytime Drowsiness",
          "value": "daytime_drowsiness"
        }
      ],
      "multi": true
    }
  },
  {
    "key": "bed_wetting_for_children",
    "title": "Bed wetting (for children)",
    "section": "General",
    "optional": false,
    "type": "dropdown",
    "control": {
      "options": [
        {
          "name": "Bed wetting (for children)",
          "value": "bed_wetting_for_children"
        }
      ],
      "multi": true
    }
  },
  {
    "key": "how_much_how_long",
    "title": "How much _____ How long ______",
    "section": "General",
    "optional": false,
    "type": "input",
    "control": {
      "input_type": "text"
    }
  },
  {
    "key": "nitrous_oxide",
    "title": "Nitrous Oxide",
    "section": "General",
    "optional": false,
    "type": "dropdown",
    "control": {
      "options": [
        {
          "name": "Nitrous Oxide",
          "value": "nitrous_oxide"
        }
      ],
      "multi": true
    }
  },
  {
    "key": "sedation_preference",
    "type": "dropdown",
    "title": "Oral Sedation (Pill)",
    "control": {
      "hint": "Select...",
      "options": [
        {
          "name": "None - I prefer no sedation",
          "value": "none"
        },
        {
          "name": "Nitrous Oxide (laughing gas)",
          "value": "nitrous"
        },
        {
          "name": "Oral Sedation",
          "value": "oral"
        },
        {
          "name": "IV Sedation",
          "value": "iv"
        },
        {
          "name": "Discuss with dentist",
          "value": "discuss"
        }
      ]
    },
    "section": "General",
    "optional": false
  },
  {
    "key": "sedation_preference_2",
    "type": "dropdown",
    "title": "IV Sedation",
    "control": {
      "hint": "Select...",
      "options": [
        {
          "name": "None - I prefer no sedation",
          "value": "none"
        },
        {
          "name": "Nitrous Oxide (laughing gas)",
          "value": "nitrous"
        },
        {
          "name": "Oral Sedation",
          "value": "oral"
        },
        {
          "name": "IV Sedation",
          "value": "iv"
        },
        {
          "name": "Discuss with dentist",
          "value": "discuss"
        }
      ]
    },
    "section": "General",
    "optional": false
  },
  {
    "key": "please_list_family_history_of_any",
    "title": "Please list family history of any",
    "section": "General",
    "optional": false,
    "type": "input",
    "control": {
      "input_type": "text"
    }
  },
  {
    "key": "diabetes",
    "title": "Diabetes",
    "section": "General",
    "optional": false,
    "type": "dropdown",
    "control": {
      "options": [
        {
          "name": "Diabetes",
          "value": "diabetes"
        }
      ],
      "multi": true
    }
  },
  {
    "key": "hepatitis_abc",
    "title": "Hepatitis A/B/C",
    "section": "General",
    "optional": false,
    "type": "dropdown",
    "control": {
      "options": [
        {
          "name": "Hepatitis A/B/C",
          "value": "hepatitis_abc"
        }
      ],
      "multi": true
    }
  },
  {
    "key": "jaundice",
    "title": "Jaundice",
    "section": "General",
    "optional": false,
    "type": "dropdown",
    "control": {
      "options": [
        {
          "name": "Jaundice",
          "value": "jaundice"
        }
      ],
      "multi": true
    }
  },
  {
    "key": "kidney_disease",
    "title": "Kidney Disease",
    "section": "General",
    "optional": false,
    "type": "dropdown",
    "control": {
      "options": [
        {
          "name": "Kidney Disease",
          "value": "kidney_disease"
        }
      ],
      "multi": true
    }
  },
  {
    "key": "liver_disease",
    "title": "Liver Disease",
    "section": "General",
    "optional": false,
    "type": "dropdown",
    "control": {
      "options": [
        {
          "name": "Liver Disease",
          "value": "liver_disease"
        }
      ],
      "multi": true
    }
  },
  {
    "key": "thyroid_disease",
    "title": "Thyroid Disease",
    "section": "General",
    "optional": false,
    "type": "dropdown",
    "control": {
      "options": [
        {
          "name": "Thyroid Disease",
          "value": "thyroid_disease"
        }
      ],
      "multi": true
    }
  },
  {
    "key": "ulcers_stomach",
    "title": "Ulcers (Stomach)",
    "section": "General",
    "optional": false,
    "type": "dropdown",
    "control": {
      "options": [
        {
          "name": "Ulcers (Stomach)",
          "value": "ulcers_stomach"
        }
      ],
      "multi": true
    }
  },
  {
    "key": "gastrointestinal_disease",
    "title": "Gastrointestinal Disease",
    "section": "General",
    "optional": false,
    "type": "dropdown",
    "control": {
      "options": [
        {
          "name": "Gastrointestinal Disease",
          "value": "gastrointestinal_disease"
        }
      ],
      "multi": true
    }
  },
  {
    "key": "anemia",
    "title": "Anemia",
    "section": "General",
    "optional": false,
    "type": "dropdown",
    "control": {
      "options": [
        {
          "name": "Anemia",
          "value": "anemia"
        }
      ],
      "multi": true
    }
  },
  {
    "key": "blood_disorders",
    "title": "Blood Disorders",
    "section": "General",
    "optional": false,
    "type": "dropdown",
    "control": {
      "options": [
        {
          "name": "Blood Disorders",
          "value": "blood_disorders"
        }
      ],
      "multi": true
    }
  },
  {
    "key": "bruise_easily",
    "title": "Bruise Easily",
    "section": "General",
    "optional": false,
    "type": "dropdown",
    "control": {
      "options": [
        {
          "name": "Bruise Easily",
          "value": "bruise_easily"
        }
      ],
      "multi": true
    }
  },
  {
    "key": "excessive_bleeding",
    "title": "Excessive Bleeding",
    "section": "General",
    "optional": false,
    "type": "dropdown",
    "control": {
      "options": [
        {
          "name": "Excessive Bleeding",
          "value": "excessive_bleeding"
        }
      ],
      "multi": true
    }
  },
  {
    "key": "arthritis",
    "title": "Arthritis",
    "section": "General",
    "optional": false,
    "type": "dropdown",
    "control": {
      "options": [
        {
          "name": "Arthritis",
          "value": "arthritis"
        }
      ],
      "multi": true
    }
  },
  {
    "key": "artiﬁcial_joints",
    "title": "Artiﬁcial Joints",
    "section": "General",
    "optional": false,
    "type": "dropdown",
    "control": {
      "options": [
        {
          "name": "Artiﬁcial Joints",
          "value": "artiﬁcial_joints"
        }
      ],
      "multi": true
    }
  },
  {
    "key": "jaw_pain_clicking_3",
    "type": "radio",
    "title": "Jaw Joint Pain",
    "control": {
      "extra": {
        "hint": "Provide details",
        "type": "input",
        "value": true,
        "optional": true
      },
      "options": [
        {
          "name": "Yes",
          "value": true
        },
        {
          "name": "No",
          "value": false
        }
      ]
    },
    "section": "General",
    "optional": false
  },
  {
    "key": "rheumatoid_arthritis",
    "title": "Rheumatoid Arthritis",
    "section": "General",
    "optional": false,
    "type": "dropdown",
    "control": {
      "options": [
        {
          "name": "Rheumatoid Arthritis",
          "value": "rheumatoid_arthritis"
        }
      ],
      "multi": true
    }
  },
  {
    "key": "anxiety",
    "title": "Anxiety",
    "section": "General",
    "optional": false,
    "type": "dropdown",
    "control": {
      "options": [
        {
          "name": "Anxiety",
          "value": "anxiety"
        }
      ],
      "multi": true
    }
  },
  {
    "key": "depression",
    "title": "Depression",
    "section": "General",
    "optional": false,
    "type": "dropdown",
    "control": {
      "options": [
        {
          "name": "Depression",
          "value": "depression"
        }
      ],
      "multi": true
    }
  },
  {
    "key": "dizziness",
    "title": "Dizziness",
    "section": "General",
    "optional": false,
    "type": "dropdown",
    "control": {
      "options": [
        {
          "name": "Dizziness",
          "value": "dizziness"
        }
      ],
      "multi": true
    }
  },
  {
    "key": "drugalcohol_addiction",
    "title": "Drug/Alcohol Addiction",
    "section": "General",
    "optional": false,
    "type": "dropdown",
    "control": {
      "options": [
        {
          "name": "Drug/Alcohol Addiction",
          "value": "drugalcohol_addiction"
        }
      ],
      "multi": true
    }
  },
  {
    "key": "fainting",
    "title": "Fainting",
    "section": "General",
    "optional": false,
    "type": "dropdown",
    "control": {
      "options": [
        {
          "name": "Fainting",
          "value": "fainting"
        }
      ],
      "multi": true
    }
  },
  {
    "key": "seizures",
    "title": "Seizures",
    "section": "General",
    "optional": false,
    "type": "dropdown",
    "control": {
      "options": [
        {
          "name": "Seizures",
          "value": "seizures"
        }
      ],
      "multi": true
    }
  },
  {
    "key": "psychiatric_illness",
    "title": "Psychiatric Illness",
    "section": "General",
    "optional": false,
    "type": "dropdown",
    "control": {
      "options": [
        {
          "name": "Psychiatric Illness",
          "value": "psychiatric_illness"
        }
      ],
      "multi": true
    }
  },
  {
    "key": "asthma",
    "title": "Asthma",
    "section": "General",
    "optional": false,
    "type": "dropdown",
    "control": {
      "options": [
        {
          "name": "Asthma",
          "value": "asthma"
        }
      ],
      "multi": true
    }
  },
  {
    "key": "emphysema",
    "title": "Emphysema",
    "section": "General",
    "optional": false,
    "type": "dropdown",
    "control": {
      "options": [
        {
          "name": "Emphysema",
          "value": "emphysema"
        }
      ],
      "multi": true
    }
  },
  {
    "key": "respiratory_problems",
    "title": "Respiratory Problems",
    "section": "General",
    "optional": false,
    "type": "dropdown",
    "control": {
      "options": [
        {
          "name": "Respiratory Problems",
          "value": "respiratory_problems"
        }
      ],
      "multi": true
    }
  },
  {
    "key": "sinus_problems",
    "title": "Sinus Problems",
    "section": "General",
    "optional": false,
    "type": "dropdown",
    "control": {
      "options": [
        {
          "name": "Sinus Problems",
          "value": "sinus_problems"
        }
      ],
      "multi": true
    }
  },
  {
    "key": "sleep_apnea",
    "type": "radio",
    "title": "Sleep Apnea",
    "control": {
      "extra": {
        "hint": "Provide details",
        "type": "input",
        "value": true,
        "optional": true
      },
      "options": [
        {
          "name": "Yes",
          "value": true
        },
        {
          "name": "No",
          "value": false
        }
      ]
    },
    "section": "General",
    "optional": false
  },
  {
    "key": "tuberculosis",
    "title": "Tuberculosis",
    "section": "General",
    "optional": false,
    "type": "dropdown",
    "control": {
      "options": [
        {
          "name": "Tuberculosis",
          "value": "tuberculosis"
        }
      ],
      "multi": true
    }
  },
  {
    "key": "aids",
    "title": "AIDS",
    "section": "General",
    "optional": false,
    "type": "dropdown",
    "control": {
      "options": [
        {
          "name": "AIDS",
          "value": "aids"
        }
      ],
      "multi": true
    }
  },
  {
    "key": "hiv_positive",
    "title": "HIV Positive",
    "section": "General",
    "optional": false,
    "type": "dropdown",
    "control": {
      "options": [
        {
          "name": "HIV Positive",
          "value": "hiv_positive"
        }
      ],
      "multi": true
    }
  },
  {
    "key": "hpv",
    "title": "HPV",
    "section": "General",
    "optional": false,
    "type": "dropdown",
    "control": {
      "options": [
        {
          "name": "HPV",
          "value": "hpv"
        }
      ],
      "multi": true
    }
  },
  {
    "key": "currently_pregnant",
    "title": "Currently Pregnant",
    "section": "General",
    "optional": false,
    "type": "dropdown",
    "control": {
      "options": [
        {
          "name": "Currently Pregnant",
          "value": "currently_pregnant"
        }
      ],
      "multi": true
    }
  },
  {
    "key": "nursing",
    "title": "Nursing",
    "section": "General",
    "optional": false,
    "type": "dropdown",
    "control": {
      "options": [
        {
          "name": "Nursing",
          "value": "nursing"
        }
      ],
      "multi": true
    }
  },
  {
    "key": "antibiotics",
    "title": "Antibiotics",
    "section": "Medical History",
    "optional": false,
    "type": "dropdown",
    "control": {
      "options": [
        {
          "name": "Antibiotics",
          "value": "antibiotics"
        }
      ],
      "multi": true
    }
  },
  {
    "key": "opioids",
    "title": "Opioids",
    "section": "Medical History",
    "optional": false,
    "type": "dropdown",
    "control": {
      "options": [
        {
          "name": "Opioids",
          "value": "opioids"
        }
      ],
      "multi": true
    }
  },
  {
    "key": "latex",
    "title": "Latex",
    "section": "Medical History",
    "optional": false,
    "type": "dropdown",
    "control": {
      "options": [
        {
          "name": "Latex",
          "value": "latex"
        }
      ],
      "multi": true
    }
  },
  {
    "key": "local_anesthetics",
    "title": "Local Anesthetics",
    "section": "Medical History",
    "optional": false,
    "type": "dropdown",
    "control": {
      "options": [
        {
          "name": "Local Anesthetics",
          "value": "local_anesthetics"
        }
      ],
      "multi": true
    }
  },
  {
    "key": "nsaids",
    "title": "NSAIDs",
    "section": "Medical History",
    "optional": false,
    "type": "dropdown",
    "control": {
      "options": [
        {
          "name": "NSAIDs",
          "value": "nsaids"
        }
      ],
      "multi": true
    }
  },
  {
    "key": "signature",
    "type": "block_signature",
    "title": "Signature",
    "control": {
      "language": "en",
      "variant": "adult_no_guardian_details"
    },
    "section": "Signature",
    "optional": false
  }
]