{
  "file": "npf1.modento.json",
  "total_items": 103,
  "reused_from_dictionary": 10,
  "reused_pct": 9.70873786407767,
  "counts_by_section": {
    "Consent": 1,
    "Signature": 2,
    "General": 87,
    "Patient Information": 2,
    "Medical History": 8,
    "Dental History": 3
  },
  "counts_by_type": {
    "terms": 1,
    "input": 14,
    "dropdown": 82,
    "radio": 5,
    "block_signature": 1
  },
  "matches": [
    {
      "title": "Pacemaker",
      "parsed_key": "pacemaker",
      "section": "General",
      "matched_key": "pacemaker",
      "reason": "key_exact",
      "score": 1.0,
      "coverage": 1.0
    },
    {
      "title": "MI",
      "parsed_key": "mi",
      "section": "General",
      "matched_key": "mi",
      "reason": "key_exact",
      "score": 1.0,
      "coverage": 1.0
    },
    {
      "title": "SSN",
      "parsed_key": "ssn",
      "section": "General",
      "matched_key": "ssn",
      "reason": "key_exact",
      "score": 1.0,
      "coverage": 1.0
    },
    {
      "title": "Jaw Joint (TMJ) pain",
      "parsed_key": "jaw_joint_tmj_pain",
      "section": "General",
      "matched_key": "jaw_pain_clicking",
      "reason": "alias_contains",
      "score": 0.0,
      "coverage": 1.0
    },
    {
      "title": "Jaw Joint (TMJ) clicking/popping",
      "parsed_key": "jaw_joint_tmj_clickingpopping",
      "section": "General",
      "matched_key": "jaw_pain_clicking",
      "reason": "alias_contains",
      "score": 0.0,
      "coverage": 1.0
    },
    {
      "title": "Oral Sedation (Pill)",
      "parsed_key": "oral_sedation_pill",
      "section": "General",
      "matched_key": "sedation_preference",
      "reason": "alias_contains",
      "score": 0.0,
      "coverage": 1.0
    },
    {
      "title": "IV Sedation",
      "parsed_key": "iv_sedation",
      "section": "General",
      "matched_key": "sedation_preference",
      "reason": "alias_contains",
      "score": 0.18600000000000003,
      "coverage": 1.0
    },
    {
      "title": "Jaw Joint Pain",
      "parsed_key": "jaw_joint_pain",
      "section": "General",
      "matched_key": "jaw_pain_clicking",
      "reason": "alias_contains",
      "score": 0.0,
      "coverage": 1.0
    },
    {
      "title": "Sleep Apnea",
      "parsed_key": "sleep_apnea",
      "section": "General",
      "matched_key": "sleep_apnea",
      "reason": "key_exact",
      "score": 1.0,
      "coverage": 1.0
    },
    {
      "title": "Signature",
      "parsed_key": "signature",
      "section": "Signature",
      "matched_key": "signature",
      "reason": "key_exact",
      "score": 1.0,
      "coverage": 1.0
    }
  ],
  "near_misses": [],
  "gates": [
    "rehome -> Patient Information :: Mitral Valve Prolapse",
    "rehome -> Patient Information :: MI",
    "section_inference -> Medical History :: Have you had a serious illness, operation, or hospitalization in the past 5 years? Y or N, If yes please explain __________________________ (score=3)",
    "section_inference -> Medical History :: Are you taking or have you recently taken any prescription or over the counter medicine(s)? Y or N If yes, please list all and why, including vitamins, natural or herbal supplements and/or dietary supplements _________________________________________________________ (score=2)",
    "section_inference -> Medical History :: Have you ever in the past, or are you now currently taking any medications for Osteopenia/Osteoporosis or Bone Disease? (score=2)",
    "section_inference -> Dental History :: Jaw Joint (TMJ) pain (score=2)",
    "section_inference -> Dental History :: Jaw Joint (TMJ) clicking/popping (score=2)",
    "section_inference -> Dental History :: Bleeding, Swollen, Irritated gums (score=2)",
    "overflow_title_cleaned -> 'For completion by dentist only | Additional Comments' → 'For completion by dentist only | Additional'",
    "overflow_title_cleaned -> 'Heart Conditions' → 'Heart'",
    "overflow_title_cleaned -> 'Sleep Pattern or Conditions' → 'Sleep Pattern or'",
    "unique_title -> 'Have you had a serious illness, operation, or hospitalization in the past 5 years? Y or N, If yes please explain __________________________' → 'Are you under the care - Please explain' (context)",
    "unique_title -> 'Worn teeth' → 'Worn teeth #2' (suffix)"
  ]
}