{
  "file": "Chicago-Dental-Solutions_Form.modento.json",
  "total_items": 22,
  "reused_from_dictionary": 6,
  "reused_pct": 27.27272727272727,
  "counts_by_section": {
    "Patient Information": 4,
    "General": 4,
    "Dental History": 2,
    "Insurance": 2,
    "Consent": 2,
    "Medications": 7,
    "Signature": 1
  },
  "counts_by_type": {
    "input": 8,
    "dropdown": 5,
    "terms": 2,
    "radio": 6,
    "block_signature": 1
  },
  "matches": [
    {
      "title": "Mobile Phone",
      "parsed_key": "mobile_phone",
      "section": "General",
      "matched_key": "mobile_phone",
      "reason": "key_exact",
      "score": 1.0,
      "coverage": 1.0
    },
    {
      "title": "SSN",
      "parsed_key": "ssn",
      "section": "General",
      "matched_key": "ssn",
      "reason": "key_exact",
      "score": 1.0,
      "coverage": 1.0
    },
    {
      "title": "Email",
      "parsed_key": "email",
      "section": "General",
      "matched_key": "email",
      "reason": "key_exact",
      "score": 1.0,
      "coverage": 1.0
    },
    {
      "title": "Address",
      "parsed_key": "address",
      "section": "General",
      "matched_key": "address",
      "reason": "key_exact",
      "score": 1.0,
      "coverage": 1.0
    },
    {
      "title": "Insured's Name",
      "parsed_key": "insureds_name",
      "section": "Insurance",
      "matched_key": "insurance_holder",
      "reason": "alias_exact",
      "score": 0.96,
      "coverage": 1.0
    },
    {
      "title": "Signature",
      "parsed_key": "signature",
      "section": "Signature",
      "matched_key": "signature",
      "reason": "key_exact",
      "score": 1.0,
      "coverage": 1.0
    }
  ],
  "near_misses": [],
  "gates": [
    "rehome -> Patient Information :: Mobile Phone",
    "rehome -> Patient Information :: Phone",
    "rehome -> Patient Information :: Email",
    "rehome -> Patient Information :: Address"
  ]
}