{
  "file": "npf1.modento.json",
  "total_items": 53,
  "reused_from_dictionary": 12,
  "reused_pct": 22.641509433962266,
  "counts_by_section": {
    "General": 36,
    "Patient Information": 11,
    "Emergency Contact": 1,
    "Insurance": 2,
    "Consent": 2,
    "Signature": 1
  },
  "counts_by_type": {
    "date": 4,
    "input": 27,
    "dropdown": 17,
    "radio": 3,
    "terms": 1,
    "block_signature": 1
  },
  "matches": [
    {
      "title": "Last Name",
      "parsed_key": "last_name",
      "section": "General",
      "matched_key": "last_name",
      "reason": "key_exact",
      "score": 1.0,
      "coverage": 1.0
    },
    {
      "title": "First Name",
      "parsed_key": "first_name",
      "section": "General",
      "matched_key": "first_name",
      "reason": "key_exact",
      "score": 1.0,
      "coverage": 1.0
    },
    {
      "title": "MI",
      "parsed_key": "mi",
      "section": "General",
      "matched_key": "mi",
      "reason": "key_exact",
      "score": 1.0,
      "coverage": 1.0
    },
    {
      "title": "Date of Birth",
      "parsed_key": "date_of_birth",
      "section": "General",
      "matched_key": "date_of_birth",
      "reason": "key_exact",
      "score": 1.0,
      "coverage": 1.0
    },
    {
      "title": "Employer",
      "parsed_key": "employer",
      "section": "General",
      "matched_key": "employer",
      "reason": "key_exact",
      "score": 1.0,
      "coverage": 1.0
    },
    {
      "title": "Date of Birth",
      "parsed_key": "date_of_birth_2",
      "section": "General",
      "matched_key": "date_of_birth",
      "reason": "title_exact",
      "score": 0.95,
      "coverage": 1.0
    },
    {
      "title": "SSN",
      "parsed_key": "ssn",
      "section": "General",
      "matched_key": "ssn",
      "reason": "key_exact",
      "score": 1.0,
      "coverage": 1.0
    },
    {
      "title": "Relationship",
      "parsed_key": "relationship",
      "section": "General",
      "matched_key": "emergency_relationship",
      "reason": "title_exact",
      "score": 0.95,
      "coverage": 1.0
    },
    {
      "title": "[ ] Other Who can we thank for your visit?",
      "parsed_key": "other_who_can_we_thank_for_your_visit",
      "section": "General",
      "matched_key": "referred_by",
      "reason": "alias_contains",
      "score": 0.93,
      "coverage": 1.0
    },
    {
      "title": "Insured's Name",
      "parsed_key": "insureds_name",
      "section": "General",
      "matched_key": "insurance_holder",
      "reason": "alias_exact",
      "score": 0.86,
      "coverage": 1.0
    },
    {
      "title": "Date of Birth",
      "parsed_key": "date_of_birth_3",
      "section": "General",
      "matched_key": "date_of_birth",
      "reason": "title_exact",
      "score": 0.95,
      "coverage": 1.0
    },
    {
      "title": "Signature",
      "parsed_key": "signature",
      "section": "Signature",
      "matched_key": "signature",
      "reason": "key_exact",
      "score": 1.0,
      "coverage": 1.0
    }
  ],
  "near_misses": [],
  "gates": [
    "rehome -> Patient Information :: Last Name",
    "rehome -> Patient Information :: First Name",
    "rehome -> Patient Information :: MI",
    "rehome -> Patient Information :: Date of Birth",
    "rehome -> Patient Information :: Driver's License #",
    "rehome -> Patient Information :: Employer",
    "rehome -> Patient Information :: Date of Birth",
    "rehome -> Patient Information :: Parent Name",
    "rehome -> Patient Information :: Parent SSN",
    "rehome -> Insurance :: Insured's Name Insured's Name",
    "rehome -> Insurance :: Insured's Name",
    "rehome -> Patient Information :: Date of Birth",
    "rehome -> Patient Information :: [ ] Mitral Valve Prolapse [ ] Fainting [ ] HPV"
  ]
}