{
  "file": "npf1.modento.json",
  "total_items": 48,
  "reused_from_dictionary": 24,
  "reused_pct": 50.0,
  "counts_by_section": {
    "General": 10,
    "Patient Information": 18,
    "Emergency Contact": 1,
    "Insurance": 2,
    "Dental History": 13,
    "Medical History": 1,
    "Consent": 2,
    "Signature": 1
  },
  "counts_by_type": {
    "date": 2,
    "input": 34,
    "radio": 5,
    "states": 1,
    "dropdown": 4,
    "terms": 1,
    "block_signature": 1
  },
  "matches": [
    {
      "title": "Last Name",
      "parsed_key": "last_name",
      "section": "General",
      "matched_key": "last_name",
      "reason": "key_exact",
      "score": 1.0,
      "coverage": 1.0
    },
    {
      "title": "First Name",
      "parsed_key": "first_name",
      "section": "General",
      "matched_key": "first_name",
      "reason": "key_exact",
      "score": 1.0,
      "coverage": 1.0
    },
    {
      "title": "MI",
      "parsed_key": "mi",
      "section": "General",
      "matched_key": "mi",
      "reason": "key_exact",
      "score": 1.0,
      "coverage": 1.0
    },
    {
      "title": "Date of Birth",
      "parsed_key": "date_of_birth",
      "section": "General",
      "matched_key": "date_of_birth",
      "reason": "key_exact",
      "score": 1.0,
      "coverage": 1.0
    },
    {
      "title": "Sex",
      "parsed_key": "sex",
      "section": "General",
      "matched_key": "sex",
      "reason": "key_exact",
      "score": 1.0,
      "coverage": 1.0
    },
    {
      "title": "Marital Status",
      "parsed_key": "marital_status",
      "section": "General",
      "matched_key": "marital_status",
      "reason": "key_exact",
      "score": 1.0,
      "coverage": 1.0
    },
    {
      "title": "Address",
      "parsed_key": "address",
      "section": "General",
      "matched_key": "address",
      "reason": "key_exact",
      "score": 1.0,
      "coverage": 1.0
    },
    {
      "title": "SSN",
      "parsed_key": "ssn",
      "section": "General",
      "matched_key": "ssn",
      "reason": "key_exact",
      "score": 1.0,
      "coverage": 1.0
    },
    {
      "title": "City",
      "parsed_key": "city",
      "section": "General",
      "matched_key": "city",
      "reason": "key_exact",
      "score": 1.0,
      "coverage": 1.0
    },
    {
      "title": "State",
      "parsed_key": "state",
      "section": "General",
      "matched_key": "state",
      "reason": "key_exact",
      "score": 1.0,
      "coverage": 1.0
    },
    {
      "title": "Zip Code",
      "parsed_key": "zip_code",
      "section": "General",
      "matched_key": "zipcode",
      "reason": "alias_exact",
      "score": 0.96,
      "coverage": 1.0
    },
    {
      "title": "Email",
      "parsed_key": "email",
      "section": "General",
      "matched_key": "email",
      "reason": "key_exact",
      "score": 1.0,
      "coverage": 1.0
    },
    {
      "title": "Home Phone",
      "parsed_key": "home_phone",
      "section": "General",
      "matched_key": "home_phone",
      "reason": "key_exact",
      "score": 1.0,
      "coverage": 1.0
    },
    {
      "title": "Mobile Phone",
      "parsed_key": "mobile_phone",
      "section": "General",
      "matched_key": "mobile_phone",
      "reason": "key_exact",
      "score": 1.0,
      "coverage": 1.0
    },
    {
      "title": "Employer",
      "parsed_key": "employer",
      "section": "General",
      "matched_key": "employer",
      "reason": "key_exact",
      "score": 1.0,
      "coverage": 1.0
    },
    {
      "title": "Occupation",
      "parsed_key": "occupation",
      "section": "General",
      "matched_key": "occupation",
      "reason": "key_exact",
      "score": 1.0,
      "coverage": 1.0
    },
    {
      "title": "Date of Birth",
      "parsed_key": "date_of_birth_2",
      "section": "General",
      "matched_key": "date_of_birth",
      "reason": "title_exact",
      "score": 0.95,
      "coverage": 1.0
    },
    {
      "title": "Relationship",
      "parsed_key": "relationship",
      "section": "General",
      "matched_key": "emergency_relationship",
      "reason": "title_exact",
      "score": 0.95,
      "coverage": 1.0
    },
    {
      "title": "Other Who can we thank for your visit?",
      "parsed_key": "other_who_can_we_thank_for_your_visit",
      "section": "General",
      "matched_key": "referred_by",
      "reason": "alias_contains",
      "score": 0.93,
      "coverage": 1.0
    },
    {
      "title": "Insured's Name",
      "parsed_key": "insureds_name",
      "section": "General",
      "matched_key": "insurance_holder",
      "reason": "alias_exact",
      "score": 0.86,
      "coverage": 1.0
    },
    {
      "title": "Date of Birth",
      "parsed_key": "date_of_birth_3",
      "section": "General",
      "matched_key": "date_of_birth",
      "reason": "title_exact",
      "score": 0.95,
      "coverage": 1.0
    },
    {
      "title": "Address",
      "parsed_key": "address_2",
      "section": "Insurance",
      "matched_key": "address",
      "reason": "title_exact",
      "score": 0.85,
      "coverage": 1.0
    },
    {
      "title": "SSN",
      "parsed_key": "ssn_3",
      "section": "Insurance",
      "matched_key": "ssn",
      "reason": "alias_contains",
      "score": 0.8300000000000001,
      "coverage": 1.0
    },
    {
      "title": "Signature",
      "parsed_key": "signature",
      "section": "Signature",
      "matched_key": "signature",
      "reason": "key_exact",
      "score": 1.0,
      "coverage": 1.0
    }
  ],
  "near_misses": [],
  "gates": [
    "rehome -> Patient Information :: Last Name",
    "rehome -> Patient Information :: First Name",
    "rehome -> Patient Information :: MI",
    "rehome -> Patient Information :: Date of Birth",
    "rehome -> Patient Information :: Address",
    "rehome -> Patient Information :: City",
    "rehome -> Patient Information :: State",
    "rehome -> Patient Information :: Zip Code",
    "rehome -> Patient Information :: Email",
    "rehome -> Patient Information :: Home Phone",
    "rehome -> Patient Information :: Phone",
    "rehome -> Patient Information :: Mobile Phone",
    "rehome -> Patient Information :: Driver's License #",
    "rehome -> Patient Information :: Employer",
    "rehome -> Patient Information :: Work Phone",
    "rehome -> Patient Information :: Occupation",
    "rehome -> Patient Information :: Date of Birth",
    "rehome -> Patient Information :: Parent Name",
    "rehome -> Patient Information :: Parent SSN",
    "rehome -> Insurance :: Insured's Name Insured's Name",
    "rehome -> Insurance :: Insured's Name",
    "rehome -> Patient Information :: Date of Birth",
    "duplicate_consolidation -> Removed duplicate date_of_birth_2 from Patient Information",
    "duplicate_consolidation -> Removed duplicate date_of_birth_3 from Patient Information",
    "duplicate_consolidation -> Removed address_2 from Insurance, kept address in Patient Information",
    "duplicate_consolidation -> Removed duplicate ssn_2 from Insurance",
    "overflow_title_cleaned -> 'For completion by dentist only | Additional Comments' → 'For completion by dentist only | Additional'"
  ]
}